Probl√®me;n;k;Graine;Algorithme;Solution;Temps (ms);Nodes Explored;Max Depth;Solution Cost
dum;100;3;1234;bfs;"Goto 73 Goto 9 Goto 98 Goto 71 Goto 14 Goto 99";0,024000;299;7;3597,25
dum;100;3;1234;dfs;"Goto 81 Goto 95 Goto 64 Goto 77 Goto 83 Goto 88 Goto 93 Goto 79 Goto 78 Goto 72 Goto 52 Goto 97 Goto 20 Goto 11 Goto 68 Goto 43 Goto 96 Goto 4 Goto 59 Goto 61 Goto 91 Goto 23 Goto 67 Goto 17 Goto 75 Goto 98 Goto 71 Goto 14 Goto 99";0,007000;158;33;15017,18
dum;100;3;1234;ucs;"Goto 73 Goto 50 Goto 51 Goto 32 Goto 71 Goto 14 Goto 99";0,013000;296;8;2905,89
dum;100;3;1234;gfs;"Goto 81 Goto 95 Goto 64 Goto 28 Goto 38 Goto 14 Goto 99";0,004000;104;12;3483,82
dum;100;3;1234;astar;"Goto 73 Goto 50 Goto 51 Goto 32 Goto 71 Goto 14 Goto 99";0,008000;260;7;2905,89
dum;100;5;1234;bfs;"Goto 15 Goto 23 Goto 14 Goto 99";0,008000;787;4;2322,82
dum;100;5;1234;dfs;"Goto 81 Goto 95 Goto 79 Goto 84 Goto 98 Goto 71 Goto 14 Goto 99";0,009000;539;21;4197,76
dum;100;5;1234;ucs;"Goto 17 Goto 51 Goto 42 Goto 14 Goto 99";0,018000;795;7;1688,02
dum;100;5;1234;gfs;"Goto 27 Goto 57 Goto 92 Goto 35 Goto 23 Goto 14 Goto 99";0,004000;403;12;2806,14
dum;100;5;1234;astar;"Goto 17 Goto 51 Goto 42 Goto 14 Goto 99";0,015000;531;7;1688,02
dum;100;7;1234;bfs;"Goto 62 Goto 14 Goto 99";0,016000;1489;4;1794,72
dum;100;7;1234;dfs;"Goto 81 Goto 95 Goto 92 Goto 66 Goto 87 Goto 98 Goto 84 Goto 97 Goto 77 Goto 88 Goto 93 Goto 67 Goto 72 Goto 14 Goto 99";0,005000;424;17;8626,62
dum;100;7;1234;ucs;"Goto 73 Goto 2 Goto 14 Goto 99";0,038000;1489;6;1417,23
dum;100;7;1234;gfs;"Goto 27 Goto 28 Goto 38 Goto 14 Goto 99";0,004000;754;8;2125,01
dum;100;7;1234;astar;"Goto 73 Goto 2 Goto 14 Goto 99";0,021000;799;6;1417,23
dum;1000;3;1234;bfs;"Goto 104 Goto 941 Goto 900 Goto 756 Goto 999";0,061000;554;6;2466,57
dum;1000;3;1234;dfs;"Goto 963 Goto 356 Goto 972 Goto 29 Goto 658 Goto 716 Goto 566 Goto 951 Goto 809 Goto 812 Goto 516 Goto 683 Goto 908 Goto 670 Goto 81 Goto 971 Goto 914 Goto 871 Goto 79 Goto 815 Goto 668 Goto 649 Goto 70 Goto 775 Goto 850 Goto 896 Goto 878 Goto 823 Goto 662 Goto 714 Goto 633 Goto 736 Goto 302 Goto 785 Goto 980 Goto 926 Goto 987 Goto 687 Goto 851 Goto 798 Goto 931 Goto 852 Goto 631 Goto 839 Goto 665 Goto 198 Goto 939 Goto 485 Goto 97 Goto 9 Goto 985 Goto 718 Goto 627 Goto 826 Goto 974 Goto 819 Goto 955 Goto 578 Goto 743 Goto 777 Goto 968 Goto 596 Goto 427 Goto 788 Goto 843 Goto 88 Goto 757 Goto 414 Goto 780 Goto 793 Goto 903 Goto 884 Goto 666 Goto 288 Goto 818 Goto 868 Goto 898 Goto 210 Goto 925 Goto 797 Goto 673 Goto 828 Goto 523 Goto 806 Goto 838 Goto 835 Goto 550 Goto 48 Goto 990 Goto 547 Goto 977 Goto 551 Goto 603 Goto 807 Goto 976 Goto 712 Goto 64 Goto 902 Goto 958 Goto 766 Goto 912 Goto 920 Goto 511 Goto 705 Goto 782 Goto 928 Goto 803 Goto 762 Goto 431 Goto 942 Goto 749 Goto 597 Goto 647 Goto 80 Goto 751 Goto 860 Goto 571 Goto 390 Goto 957 Goto 370 Goto 907 Goto 847 Goto 43 Goto 477 Goto 90 Goto 909 Goto 521 Goto 405 Goto 695 Goto 348 Goto 708 Goto 368 Goto 885 Goto 450 Goto 41 Goto 982 Goto 901 Goto 98 Goto 420 Goto 514 Goto 401 Goto 528 Goto 562 Goto 879 Goto 531 Goto 168 Goto 732 Goto 92 Goto 327 Goto 78 Goto 588 Goto 866 Goto 848 Goto 619 Goto 554 Goto 481 Goto 527 Goto 671 Goto 476 Goto 984 Goto 449 Goto 21 Goto 124 Goto 607 Goto 37 Goto 278 Goto 207 Goto 952 Goto 702 Goto 827 Goto 787 Goto 54 Goto 923 Goto 759 Goto 651 Goto 829 Goto 944 Goto 490 Goto 917 Goto 448 Goto 634 Goto 910 Goto 317 Goto 856 Goto 949 Goto 995 Goto 500 Goto 432 Goto 938 Goto 231 Goto 996 Goto 693 Goto 699 Goto 604 Goto 618 Goto 814 Goto 82 Goto 978 Goto 862 Goto 95 Goto 816 Goto 854 Goto 85 Goto 351 Goto 61 Goto 937 Goto 16 Goto 326 Goto 802 Goto 68 Goto 339 Goto 740 Goto 526 Goto 915 Goto 988 Goto 771 Goto 752 Goto 556 Goto 309 Goto 790 Goto 880 Goto 707 Goto 993 Goto 277 Goto 874 Goto 986 Goto 563 Goto 235 Goto 756 Goto 999";0,125000;1745;297;121600,08
dum;1000;3;1234;ucs;"Goto 104 Goto 941 Goto 900 Goto 756 Goto 999";0,084000;1148;10;2466,57
dum;1000;3;1234;gfs;"Goto 104 Goto 941 Goto 655 Goto 340 Goto 133 Goto 931 Goto 637 Goto 63 Goto 177 Goto 970 Goto 38 Goto 728 Goto 946 Goto 333 Goto 288 Goto 344 Goto 973 Goto 269 Goto 392 Goto 895 Goto 235 Goto 756 Goto 999";0,015000;227;35;7050,26
dum;1000;3;1234;astar;"Goto 104 Goto 941 Goto 900 Goto 756 Goto 999";0,034000;485;9;2466,57
dum;1000;5;1234;bfs;"Goto 104 Goto 941 Goto 900 Goto 756 Goto 999";0,731000;7987;6;2466,57
dum;1000;5;1234;dfs;"Goto 963 Goto 964 Goto 900 Goto 756 Goto 999";0,653000;7803;174;2002,11
dum;1000;5;1234;ucs;"Goto 288 Goto 110 Goto 568 Goto 756 Goto 999";0,407000;4907;11;1442,77
dum;1000;5;1234;gfs;"Goto 288 Goto 344 Goto 945 Goto 59 Goto 685 Goto 90 Goto 400 Goto 594 Goto 538 Goto 991 Goto 563 Goto 235 Goto 756 Goto 999";0,100000;1339;19;3647,89
dum;1000;5;1234;astar;"Goto 288 Goto 110 Goto 568 Goto 756 Goto 999";0,127000;1051;8;1442,77
dum;1000;7;1234;bfs;"Goto 104 Goto 118 Goto 900 Goto 756 Goto 999";1,580000;14989;5;2232,33
dum;1000;7;1234;dfs;"Goto 963 Goto 965 Goto 981 Goto 994 Goto 966 Goto 869 Goto 992 Goto 829 Goto 944 Goto 998 Goto 198 Goto 983 Goto 897 Goto 996 Goto 78 Goto 763 Goto 928 Goto 803 Goto 985 Goto 785 Goto 980 Goto 926 Goto 987 Goto 80 Goto 931 Goto 970 Goto 96 Goto 974 Goto 819 Goto 955 Goto 951 Goto 891 Goto 959 Goto 945 Goto 986 Goto 914 Goto 915 Goto 988 Goto 901 Goto 989 Goto 726 Goto 635 Goto 97 Goto 787 Goto 961 Goto 930 Goto 934 Goto 896 Goto 878 Goto 923 Goto 887 Goto 855 Goto 796 Goto 562 Goto 879 Goto 977 Goto 995 Goto 67 Goto 968 Goto 572 Goto 875 Goto 903 Goto 884 Goto 984 Goto 910 Goto 845 Goto 911 Goto 688 Goto 900 Goto 756 Goto 999";0,536000;6319;133;37728,34
dum;1000;7;1234;ucs;"Goto 288 Goto 110 Goto 568 Goto 756 Goto 999";1,150000;14974;10;1442,77
dum;1000;7;1234;gfs;"Goto 288 Goto 133 Goto 591 Goto 800 Goto 463 Goto 959 Goto 577 Goto 708 Goto 43 Goto 912 Goto 920 Goto 511 Goto 468 Goto 739 Goto 756 Goto 999";0,198000;2584;18;3044,10
dum;1000;7;1234;astar;"Goto 288 Goto 110 Goto 568 Goto 756 Goto 999";0,573000;7339;10;1442,77
dum;5000;3;1234;bfs;"Goto 3448 Goto 3040 Goto 2202 Goto 319 Goto 4005 Goto 1105 Goto 2479 Goto 1655 Goto 4999";11,426000;14867;10;5417,10
dum;5000;3;1234;dfs;"Goto 3448 Goto 4415 Goto 3780 Goto 4501 Goto 2871 Goto 613 Goto 6 Goto 2457 Goto 705 Goto 475 Goto 3034 Goto 957 Goto 290 Goto 2027 Goto 4962 Goto 3574 Goto 4838 Goto 2936 Goto 1277 Goto 2691 Goto 4979 Goto 376 Goto 4349 Goto 4538 Goto 4612 Goto 692 Goto 733 Goto 753 Goto 2728 Goto 2041 Goto 2726 Goto 524 Goto 972 Goto 4495 Goto 69 Goto 4406 Goto 4849 Goto 484 Goto 561 Goto 834 Goto 3300 Goto 3377 Goto 978 Goto 450 Goto 2973 Goto 4558 Goto 56 Goto 4447 Goto 3674 Goto 4816 Goto 2739 Goto 682 Goto 1778 Goto 4196 Goto 3401 Goto 2974 Goto 2868 Goto 4531 Goto 860 Goto 4663 Goto 4238 Goto 3879 Goto 434 Goto 566 Goto 9 Goto 4724 Goto 945 Goto 4469 Goto 4275 Goto 672 Goto 764 Goto 4973 Goto 3834 Goto 4850 Goto 3282 Goto 2643 Goto 3906 Goto 345 Goto 3694 Goto 4726 Goto 886 Goto 4725 Goto 4288 Goto 2937 Goto 3864 Goto 4509 Goto 4587 Goto 4730 Goto 3291 Goto 3696 Goto 556 Goto 4951 Goto 4332 Goto 3454 Goto 523 Goto 300 Goto 708 Goto 5 Goto 4985 Goto 3943 Goto 4675 Goto 552 Goto 881 Goto 4329 Goto 4668 Goto 471 Goto 4742 Goto 4057 Goto 3667 Goto 4687 Goto 3608 Goto 3243 Goto 4397 Goto 68 Goto 4567 Goto 3181 Goto 2892 Goto 1948 Goto 4320 Goto 633 Goto 435 Goto 4009 Goto 4664 Goto 4682 Goto 2067 Goto 686 Goto 809 Goto 4576 Goto 4296 Goto 3456 Goto 721 Goto 3613 Goto 324 Goto 3899 Goto 598 Goto 4984 Goto 233 Goto 3547 Goto 4702 Goto 913 Goto 4888 Goto 4774 Goto 4880 Goto 4887 Goto 876 Goto 4615 Goto 4233 Goto 4492 Goto 3745 Goto 4578 Goto 3799 Goto 808 Goto 2935 Goto 4052 Goto 4667 Goto 3678 Goto 3830 Goto 712 Goto 4688 Goto 4338 Goto 949 Goto 4453 Goto 694 Goto 625 Goto 4364 Goto 3183 Goto 1530 Goto 4662 Goto 885 Goto 546 Goto 2733 Goto 355 Goto 3986 Goto 4958 Goto 992 Goto 2129 Goto 3500 Goto 74 Goto 3301 Goto 3961 Goto 3510 Goto 836 Goto 696 Goto 3964 Goto 3129 Goto 926 Goto 3744 Goto 4634 Goto 45 Goto 1037 Goto 4787 Goto 2401 Goto 520 Goto 3601 Goto 3617 Goto 572 Goto 4911 Goto 584 Goto 950 Goto 2855 Goto 498 Goto 4362 Goto 3248 Goto 391 Goto 541 Goto 3007 Goto 3889 Goto 64 Goto 87 Goto 2124 Goto 779 Goto 699 Goto 533 Goto 93 Goto 4268 Goto 4213 Goto 593 Goto 4986 Goto 2341 Goto 3597 Goto 395 Goto 4866 Goto 941 Goto 4699 Goto 855 Goto 3616 Goto 2087 Goto 603 Goto 3407 Goto 644 Goto 3872 Goto 3957 Goto 1876 Goto 78 Goto 4562 Goto 4839 Goto 754 Goto 517 Goto 2025 Goto 4519 Goto 998 Goto 4947 Goto 3420 Goto 4361 Goto 750 Goto 621 Goto 2995 Goto 4223 Goto 4375 Goto 481 Goto 2896 Goto 95 Goto 425 Goto 4366 Goto 3698 Goto 4013 Goto 2757 Goto 3498 Goto 2987 Goto 404 Goto 3101 Goto 966 Goto 929 Goto 3050 Goto 4832 Goto 3545 Goto 3683 Goto 4179 Goto 4472 Goto 2297 Goto 666 Goto 381 Goto 4323 Goto 4110 Goto 1413 Goto 4454 Goto 1885 Goto 555 Goto 974 Goto 2123 Goto 59 Goto 914 Goto 4982 Goto 3836 Goto 4103 Goto 4421 Goto 417 Goto 3932 Goto 4479 Goto 4228 Goto 312 Goto 4506 Goto 3844 Goto 372 Goto 4657 Goto 780 Goto 486 Goto 3891 Goto 624 Goto 4889 Goto 429 Goto 2377 Goto 3911 Goto 456 Goto 3505 Goto 4748 Goto 4727 Goto 771 Goto 501 Goto 645 Goto 4078 Goto 383 Goto 3655 Goto 727 Goto 4242 Goto 4555 Goto 3622 Goto 1786 Goto 4455 Goto 4919 Goto 968 Goto 601 Goto 4533 Goto 4355 Goto 306 Goto 500 Goto 987 Goto 676 Goto 3983 Goto 339 Goto 825 Goto 804 Goto 3811 Goto 4485 Goto 720 Goto 2255 Goto 98 Goto 839 Goto 3851 Goto 442 Goto 2323 Goto 4407 Goto 4897 Goto 3818 Goto 535 Goto 2192 Goto 816 Goto 4234 Goto 4252 Goto 2677 Goto 4614 Goto 2007 Goto 3321 Goto 4132 Goto 4686 Goto 709 Goto 334 Goto 53 Goto 4879 Goto 4123 Goto 150 Goto 1955 Goto 4869 Goto 2453 Goto 4779 Goto 4764 Goto 2891 Goto 4505 Goto 4157 Goto 357 Goto 2655 Goto 792 Goto 602 Goto 2708 Goto 4188 Goto 4928 Goto 466 Goto 742 Goto 4591 Goto 441 Goto 607 Goto 89 Goto 4250 Goto 4515 Goto 616 Goto 3827 Goto 4831 Goto 626 Goto 915 Goto 3199 Goto 910 Goto 4783 Goto 4486 Goto 670 Goto 470 Goto 4636 Goto 4863 Goto 4045 Goto 557 Goto 2993 Goto 4728 Goto 3311 Goto 3873 Goto 1887 Goto 4780 Goto 4656 Goto 4818 Goto 648 Goto 757 Goto 390 Goto 3981 Goto 4526 Goto 701 Goto 1751 Goto 3637 Goto 3065 Goto 3720 Goto 3342 Goto 3662 Goto 4633 Goto 3963 Goto 419 Goto 4721 Goto 4162 Goto 4757 Goto 4648 Goto 3636 Goto 244 Goto 958 Goto 3402 Goto 3125 Goto 3801 Goto 4073 Goto 4368 Goto 3024 Goto 4759 Goto 2861 Goto 2048 Goto 630 Goto 707 Goto 2774 Goto 4187 Goto 1727 Goto 3570 Goto 3876 Goto 628 Goto 4998 Goto 4745 Goto 3257 Goto 3164 Goto 3955 Goto 710 Goto 612 Goto 3846 Goto 2519 Goto 2286 Goto 4875 Goto 4116 Goto 3897 Goto 3724 Goto 4158 Goto 951 Goto 4619 Goto 2504 Goto 730 Goto 3127 Goto 267 Goto 4594 Goto 4981 Goto 447 Goto 529 Goto 4544 Goto 474 Goto 976 Goto 4295 Goto 3494 Goto 1917 Goto 518 Goto 684 Goto 3658 Goto 3482 Goto 1164 Goto 238 Goto 629 Goto 4326 Goto 4704 Goto 4609 Goto 135 Goto 848 Goto 175 Goto 90 Goto 3333 Goto 1713 Goto 4473 Goto 585 Goto 784 Goto 1875 Goto 4628 Goto 4597 Goto 4589 Goto 3017 Goto 3972 Goto 97 Goto 4823 Goto 4583 Goto 3829 Goto 80 Goto 3941 Goto 4855 Goto 4001 Goto 2945 Goto 2883 Goto 4650 Goto 4022 Goto 2705 Goto 4937 Goto 590 Goto 755 Goto 588 Goto 4033 Goto 4645 Goto 66 Goto 3134 Goto 4858 Goto 996 Goto 821 Goto 622 Goto 2461 Goto 4536 Goto 560 Goto 4100 Goto 4762 Goto 773 Goto 4934 Goto 637 Goto 271 Goto 4384 Goto 4577 Goto 389 Goto 4521 Goto 4905 Goto 4449 Goto 685 Goto 3046 Goto 4232 Goto 4659 Goto 842 Goto 578 Goto 1328 Goto 4143 Goto 4517 Goto 783 Goto 2433 Goto 65 Goto 4535 Goto 4138 Goto 772 Goto 646 Goto 571 Goto 990 Goto 581 Goto 4810 Goto 4956 Goto 2572 Goto 4605 Goto 41 Goto 4945 Goto 3573 Goto 805 Goto 4685 Goto 3449 Goto 812 Goto 1406 Goto 833 Goto 92 Goto 2913 Goto 3411 Goto 4803 Goto 3794 Goto 652 Goto 965 Goto 1779 Goto 1820 Goto 4029 Goto 597 Goto 3526 Goto 4034 Goto 3422 Goto 1029 Goto 3967 Goto 3909 Goto 4284 Goto 3885 Goto 1912 Goto 509 Goto 4513 Goto 4231 Goto 775 Goto 4038 Goto 4631 Goto 726 Goto 4434 Goto 776 Goto 1083 Goto 1339 Goto 4551 Goto 540 Goto 1238 Goto 2915 Goto 2747 Goto 4408 Goto 4654 Goto 2524 Goto 4028 Goto 4859 Goto 3572 Goto 3170 Goto 4799 Goto 979 Goto 962 Goto 4870 Goto 2382 Goto 4723 Goto 997 Goto 2863 Goto 4534 Goto 2173 Goto 1176 Goto 3253 Goto 275 Goto 569 Goto 1976 Goto 2406 Goto 3303 Goto 2958 Goto 4584 Goto 3660 Goto 2760 Goto 4463 Goto 4278 Goto 2925 Goto 270 Goto 3366 Goto 934 Goto 943 Goto 2130 Goto 4860 Goto 3588 Goto 3756 Goto 4988 Goto 4015 Goto 1458 Goto 7 Goto 4105 Goto 3612 Goto 3140 Goto 650 Goto 4412 Goto 4300 Goto 638 Goto 4563 Goto 2895 Goto 549 Goto 91 Goto 4301 Goto 34 Goto 4652 Goto 3275 Goto 472 Goto 582 Goto 4865 Goto 3822 Goto 2796 Goto 2637 Goto 67 Goto 785 Goto 4827 Goto 4695 Goto 3283 Goto 4890 Goto 1287 Goto 1772 Goto 2117 Goto 911 Goto 288 Goto 4756 Goto 99 Goto 4807 Goto 402 Goto 2556 Goto 4114 Goto 954 Goto 4508 Goto 2246 Goto 75 Goto 2905 Goto 3657 Goto 2948 Goto 841 Goto 873 Goto 62 Goto 4218 Goto 1829 Goto 4772 Goto 4186 Goto 820 Goto 4062 Goto 4484 Goto 975 Goto 4746 Goto 4270 Goto 982 Goto 273 Goto 4008 Goto 2877 Goto 503 Goto 942 Goto 4993 Goto 4239 Goto 4177 Goto 887 Goto 436 Goto 4964 Goto 3464 Goto 4693 Goto 994 Goto 4365 Goto 4265 Goto 4846 Goto 4837 Goto 52 Goto 3703 Goto 491 Goto 617 Goto 3735 Goto 3329 Goto 938 Goto 1544 Goto 519 Goto 3926 Goto 3447 Goto 3939 Goto 3314 Goto 4054 Goto 3132 Goto 4074 Goto 4346 Goto 4892 Goto 3432 Goto 4144 Goto 1655 Goto 4999";2,222000;2435;752;402584,85
dum;5000;3;1234;ucs;"Goto 31 Goto 4040 Goto 334 Goto 53 Goto 2812 Goto 673 Goto 1105 Goto 2479 Goto 1655 Goto 4999";15,590000;14993;17;4453,27
dum;5000;3;1234;gfs;"Goto 162 Goto 1069 Goto 3480 Goto 4457 Goto 698 Goto 3292 Goto 992 Goto 2129 Goto 2516 Goto 2986 Goto 4767 Goto 4140 Goto 2935 Goto 1632 Goto 3079 Goto 2499 Goto 92 Goto 2913 Goto 1542 Goto 3262 Goto 1554 Goto 681 Goto 2757 Goto 1512 Goto 2848 Goto 1482 Goto 4467 Goto 3871 Goto 924 Goto 2394 Goto 4023 Goto 4867 Goto 2711 Goto 2380 Goto 557 Goto 2993 Goto 1826 Goto 1963 Goto 3559 Goto 4908 Goto 37 Goto 1308 Goto 2243 Goto 1570 Goto 2230 Goto 3709 Goto 4235 Goto 2612 Goto 1832 Goto 1989 Goto 1984 Goto 4778 Goto 3305 Goto 2780 Goto 3324 Goto 482 Goto 4969 Goto 2649 Goto 1908 Goto 4770 Goto 2634 Goto 3023 Goto 2190 Goto 972 Goto 4495 Goto 3765 Goto 1348 Goto 1311 Goto 4912 Goto 2662 Goto 1178 Goto 197 Goto 2707 Goto 4456 Goto 864 Goto 2992 Goto 1733 Goto 785 Goto 191 Goto 2053 Goto 2759 Goto 2187 Goto 1479 Goto 4624 Goto 2807 Goto 1297 Goto 2667 Goto 3454 Goto 138 Goto 4898 Goto 1627 Goto 3097 Goto 2391 Goto 116 Goto 3939 Goto 3679 Goto 927 Goto 1280 Goto 3759 Goto 3006 Goto 2258 Goto 100 Goto 4144 Goto 1655 Goto 4999";5,543000;6953;111;31901,60
dum;5000;3;1234;astar;"Goto 31 Goto 4040 Goto 334 Goto 53 Goto 2812 Goto 673 Goto 1105 Goto 2479 Goto 1655 Goto 4999";10,247000;14234;17;4453,27
dum;5000;5;1234;bfs;"Goto 4745 Goto 2276 Goto 3486 Goto 1655 Goto 4999";19,120000;38971;6;2258,17
dum;5000;5;1234;dfs;"Goto 4745 Goto 4454 Goto 4075 Goto 4977 Goto 54 Goto 4301 Goto 4794 Goto 842 Goto 691 Goto 975 Goto 992 Goto 3943 Goto 579 Goto 929 Goto 4887 Goto 876 Goto 4615 Goto 750 Goto 935 Goto 323 Goto 924 Goto 4769 Goto 880 Goto 979 Goto 962 Goto 813 Goto 1655 Goto 4999";19,760000;38579;883;15366,93
dum;5000;5;1234;ucs;"Goto 4350 Goto 3673 Goto 3733 Goto 4523 Goto 2146 Goto 4485 Goto 1655 Goto 4999";18,916000;39779;13;2055,15
dum;5000;5;1234;gfs;"Goto 162 Goto 3732 Goto 3428 Goto 1050 Goto 1959 Goto 1925 Goto 2335 Goto 4100 Goto 654 Goto 3778 Goto 252 Goto 142 Goto 3920 Goto 4424 Goto 2650 Goto 550 Goto 2472 Goto 1197 Goto 4534 Goto 1076 Goto 2487 Goto 3749 Goto 3247 Goto 1147 Goto 30 Goto 3182 Goto 1032 Goto 1596 Goto 2046 Goto 4803 Goto 2244 Goto 1152 Goto 2975 Goto 992 Goto 2129 Goto 3486 Goto 1655 Goto 4999";7,591000;20003;51;9537,81
dum;5000;5;1234;astar;"Goto 4350 Goto 3673 Goto 3733 Goto 4523 Goto 2146 Goto 4485 Goto 1655 Goto 4999";10,706000;27459;13;2055,15
dum;5000;7;1234;bfs;"Goto 1713 Goto 1867 Goto 3918 Goto 1655 Goto 4999";32,821000;74989;6;2489,14
dum;5000;7;1234;dfs;"Goto 4745 Goto 4897 Goto 773 Goto 4934 Goto 637 Goto 648 Goto 757 Goto 4981 Goto 992 Goto 4825 Goto 4279 Goto 769 Goto 841 Goto 873 Goto 799 Goto 803 Goto 559 Goto 892 Goto 623 Goto 893 Goto 786 Goto 888 Goto 947 Goto 891 Goto 894 Goto 603 Goto 949 Goto 964 Goto 950 Goto 881 Goto 541 Goto 4786 Goto 793 Goto 751 Goto 4481 Goto 614 Goto 4978 Goto 953 Goto 781 Goto 846 Goto 4938 Goto 996 Goto 821 Goto 957 Goto 598 Goto 771 Goto 880 Goto 979 Goto 962 Goto 813 Goto 1655 Goto 4999";22,243000;65104;583;26632,08
dum;5000;7;1234;ucs;"Goto 162 Goto 3623 Goto 136 Goto 2287 Goto 4485 Goto 1655 Goto 4999";22,747000;54844;12;1184,51
dum;5000;7;1234;gfs;"Goto 1582 Goto 4354 Goto 2254 Goto 1407 Goto 2466 Goto 3176 Goto 2644 Goto 450 Goto 4356 Goto 3918 Goto 1655 Goto 4999";15,710000;37609;51;2911,65
dum;5000;7;1234;astar;"Goto 162 Goto 3623 Goto 136 Goto 2287 Goto 4485 Goto 1655 Goto 4999";3,720000;10129;11;1184,51
dum;10000;3;1234;bfs;"Goto 8141 Goto 1333 Goto 6424 Goto 5429 Goto 4098 Goto 4269 Goto 3178 Goto 903 Goto 8931 Goto 9999";166,521000;29969;11;5441,08
dum;10000;3;1234;dfs;"Goto 8141 Goto 6822 Goto 7897 Goto 9542 Goto 6806 Goto 85 Goto 804 Goto 8193 Goto 8073 Goto 8437 Goto 8388 Goto 7541 Goto 9344 Goto 8536 Goto 9405 Goto 63 Goto 9339 Goto 6372 Goto 4256 Goto 8646 Goto 9232 Goto 6945 Goto 8731 Goto 7935 Goto 9581 Goto 9428 Goto 6547 Goto 8189 Goto 7312 Goto 8546 Goto 3229 Goto 8323 Goto 4399 Goto 8703 Goto 9586 Goto 8138 Goto 6573 Goto 8047 Goto 9870 Goto 9658 Goto 8329 Goto 6003 Goto 8413 Goto 7105 Goto 9868 Goto 897 Goto 6619 Goto 7215 Goto 9212 Goto 6249 Goto 856 Goto 8252 Goto 5644 Goto 7376 Goto 827 Goto 6603 Goto 3402 Goto 6987 Goto 873 Goto 9351 Goto 8405 Goto 9689 Goto 8147 Goto 9522 Goto 7598 Goto 763 Goto 4752 Goto 9895 Goto 9974 Goto 8835 Goto 5598 Goto 3056 Goto 9024 Goto 9960 Goto 6175 Goto 9042 Goto 6045 Goto 895 Goto 8640 Goto 6973 Goto 781 Goto 8006 Goto 7085 Goto 604 Goto 8652 Goto 9196 Goto 9190 Goto 8527 Goto 9724 Goto 5779 Goto 9683 Goto 8332 Goto 6651 Goto 7656 Goto 9915 Goto 5482 Goto 5718 Goto 5331 Goto 9655 Goto 9862 Goto 9358 Goto 4710 Goto 905 Goto 9419 Goto 9582 Goto 8622 Goto 9067 Goto 758 Goto 9255 Goto 3237 Goto 3655 Goto 9769 Goto 9262 Goto 5325 Goto 9975 Goto 5425 Goto 6335 Goto 740 Goto 8255 Goto 9437 Goto 6179 Goto 6588 Goto 8742 Goto 7482 Goto 761 Goto 9113 Goto 9016 Goto 9129 Goto 9007 Goto 9531 Goto 8982 Goto 3597 Goto 6540 Goto 6255 Goto 7785 Goto 765 Goto 4269 Goto 7447 Goto 2813 Goto 6962 Goto 4596 Goto 9668 Goto 215 Goto 9172 Goto 9142 Goto 7922 Goto 8561 Goto 8314 Goto 5783 Goto 917 Goto 8458 Goto 927 Goto 8859 Goto 8730 Goto 6556 Goto 8435 Goto 7876 Goto 5253 Goto 8338 Goto 9644 Goto 9559 Goto 84 Goto 9066 Goto 9562 Goto 8525 Goto 9 Goto 861 Goto 9924 Goto 7061 Goto 5030 Goto 990 Goto 4065 Goto 8064 Goto 6377 Goto 8464 Goto 8043 Goto 2345 Goto 6472 Goto 6427 Goto 9312 Goto 4431 Goto 9069 Goto 8968 Goto 8552 Goto 9491 Goto 8142 Goto 9902 Goto 6851 Goto 7715 Goto 6528 Goto 7320 Goto 766 Goto 552 Goto 9109 Goto 5982 Goto 9222 Goto 6624 Goto 4377 Goto 9883 Goto 8279 Goto 8521 Goto 5153 Goto 8712 Goto 7169 Goto 7082 Goto 9249 Goto 602 Goto 7439 Goto 7045 Goto 9538 Goto 603 Goto 6269 Goto 4745 Goto 9785 Goto 8824 Goto 5214 Goto 8556 Goto 7167 Goto 9693 Goto 8783 Goto 6414 Goto 9217 Goto 8163 Goto 7072 Goto 9979 Goto 9554 Goto 9165 Goto 938 Goto 8714 Goto 9933 Goto 8893 Goto 9840 Goto 9941 Goto 9378 Goto 3532 Goto 6007 Goto 9486 Goto 7697 Goto 6876 Goto 477 Goto 4261 Goto 6661 Goto 8902 Goto 7856 Goto 8555 Goto 8734 Goto 630 Goto 4079 Goto 5065 Goto 9497 Goto 981 Goto 8767 Goto 890 Goto 8050 Goto 6522 Goto 6282 Goto 6546 Goto 71 Goto 7540 Goto 9836 Goto 8690 Goto 4967 Goto 7438 Goto 9141 Goto 7054 Goto 7649 Goto 9300 Goto 4872 Goto 9670 Goto 9124 Goto 7825 Goto 5582 Goto 725 Goto 9256 Goto 7433 Goto 6705 Goto 9901 Goto 7177 Goto 6668 Goto 8961 Goto 7808 Goto 7888 Goto 8340 Goto 8426 Goto 5320 Goto 6123 Goto 7219 Goto 9331 Goto 6679 Goto 8092 Goto 9382 Goto 7035 Goto 7705 Goto 5406 Goto 4388 Goto 8952 Goto 7869 Goto 9758 Goto 709 Goto 2913 Goto 6629 Goto 7346 Goto 8514 Goto 9063 Goto 7155 Goto 7936 Goto 5603 Goto 8779 Goto 8387 Goto 9837 Goto 9755 Goto 5182 Goto 5847 Goto 9764 Goto 8335 Goto 3 Goto 2076 Goto 6355 Goto 9981 Goto 5753 Goto 9747 Goto 1298 Goto 6029 Goto 9804 Goto 5053 Goto 9569 Goto 6571 Goto 9589 Goto 9656 Goto 7746 Goto 8404 Goto 7803 Goto 955 Goto 6848 Goto 9379 Goto 8330 Goto 8492 Goto 8150 Goto 8865 Goto 7999 Goto 9411 Goto 8601 Goto 4286 Goto 6652 Goto 8462 Goto 9252 Goto 9397 Goto 9467 Goto 7185 Goto 9852 Goto 9187 Goto 727 Goto 3479 Goto 980 Goto 966 Goto 9741 Goto 8070 Goto 86 Goto 5680 Goto 9298 Goto 8526 Goto 7960 Goto 4289 Goto 8679 Goto 6736 Goto 5084 Goto 8171 Goto 8125 Goto 8241 Goto 8026 Goto 6896 Goto 8244 Goto 8553 Goto 96 Goto 6316 Goto 9889 Goto 2838 Goto 9858 Goto 983 Goto 8012 Goto 8668 Goto 8253 Goto 9184 Goto 8411 Goto 754 Goto 8910 Goto 6425 Goto 5487 Goto 7931 Goto 8112 Goto 667 Goto 567 Goto 6650 Goto 8683 Goto 429 Goto 9070 Goto 7723 Goto 8666 Goto 4365 Goto 7430 Goto 793 Goto 7738 Goto 7344 Goto 642 Goto 9875 Goto 4477 Goto 8817 Goto 9864 Goto 7289 Goto 6794 Goto 9353 Goto 6025 Goto 1465 Goto 6888 Goto 4738 Goto 6663 Goto 6723 Goto 5740 Goto 9492 Goto 9263 Goto 8584 Goto 939 Goto 6918 Goto 5371 Goto 2566 Goto 4337 Goto 4829 Goto 8994 Goto 9630 Goto 8755 Goto 613 Goto 7090 Goto 9697 Goto 5355 Goto 6744 Goto 9364 Goto 9730 Goto 9245 Goto 9020 Goto 8062 Goto 5827 Goto 9733 Goto 5956 Goto 933 Goto 6780 Goto 7232 Goto 828 Goto 6804 Goto 9874 Goto 8038 Goto 8543 Goto 9816 Goto 6353 Goto 6969 Goto 9434 Goto 5973 Goto 8479 Goto 9480 Goto 5889 Goto 4225 Goto 7686 Goto 7982 Goto 157 Goto 4524 Goto 8359 Goto 5207 Goto 7518 Goto 8066 Goto 4544 Goto 53 Goto 5513 Goto 7961 Goto 6237 Goto 8181 Goto 6640 Goto 9903 Goto 6498 Goto 4262 Goto 574 Goto 7994 Goto 8996 Goto 8400 Goto 65 Goto 8504 Goto 7735 Goto 8631 Goto 7759 Goto 7488 Goto 8215 Goto 784 Goto 9628 Goto 9033 Goto 9065 Goto 9976 Goto 4983 Goto 8024 Goto 7411 Goto 6411 Goto 9009 Goto 5997 Goto 7182 Goto 7614 Goto 9597 Goto 913 Goto 8438 Goto 9802 Goto 850 Goto 2604 Goto 7812 Goto 3538 Goto 9439 Goto 8144 Goto 7468 Goto 7138 Goto 9722 Goto 6758 Goto 7473 Goto 6669 Goto 9949 Goto 6966 Goto 9080 Goto 5703 Goto 9413 Goto 4863 Goto 7397 Goto 6090 Goto 7843 Goto 6485 Goto 582 Goto 4184 Goto 6782 Goto 8263 Goto 6817 Goto 9520 Goto 7211 Goto 9672 Goto 7720 Goto 9352 Goto 4673 Goto 7080 Goto 985 Goto 9466 Goto 7120 Goto 6874 Goto 601 Goto 6301 Goto 268 Goto 9674 Goto 7132 Goto 7036 Goto 9647 Goto 3569 Goto 7399 Goto 9654 Goto 5587 Goto 846 Goto 6345 Goto 9853 Goto 7832 Goto 4077 Goto 6572 Goto 6596 Goto 9826 Goto 7722 Goto 9579 Goto 9987 Goto 3669 Goto 8233 Goto 4128 Goto 9940 Goto 7976 Goto 8834 Goto 9952 Goto 3510 Goto 7891 Goto 8701 Goto 7608 Goto 8965 Goto 7262 Goto 9993 Goto 555 Goto 5762 Goto 4950 Goto 7571 Goto 5329 Goto 9859 Goto 9102 Goto 8102 Goto 8392 Goto 908 Goto 5174 Goto 92 Goto 6864 Goto 9101 Goto 8374 Goto 7926 Goto 7542 Goto 9534 Goto 4892 Goto 9533 Goto 7374 Goto 3439 Goto 7327 Goto 9264 Goto 9688 Goto 6279 Goto 6866 Goto 9783 Goto 6157 Goto 3478 Goto 6922 Goto 9712 Goto 7851 Goto 7201 Goto 9856 Goto 7800 Goto 8958 Goto 8003 Goto 8226 Goto 4890 Goto 3883 Goto 8220 Goto 5980 Goto 605 Goto 4091 Goto 6103 Goto 892 Goto 1069 Goto 690 Goto 7756 Goto 9815 Goto 8852 Goto 5028 Goto 3901 Goto 907 Goto 8612 Goto 4841 Goto 9526 Goto 2045 Goto 9305 Goto 5744 Goto 6470 Goto 6312 Goto 3180 Goto 6 Goto 8782 Goto 7717 Goto 5671 Goto 4369 Goto 8265 Goto 7296 Goto 3177 Goto 962 Goto 7272 Goto 8611 Goto 9847 Goto 9447 Goto 6004 Goto 5225 Goto 9330 Goto 392 Goto 6815 Goto 9258 Goto 6309 Goto 5631 Goto 7545 Goto 5901 Goto 5902 Goto 841 Goto 4704 Goto 8471 Goto 9274 Goto 8873 Goto 5190 Goto 8844 Goto 5268 Goto 6399 Goto 8169 Goto 7315 Goto 8741 Goto 3265 Goto 88 Goto 9608 Goto 8715 Goto 8630 Goto 7295 Goto 598 Goto 7613 Goto 9181 Goto 3392 Goto 964 Goto 4 Goto 5387 Goto 9179 Goto 238 Goto 884 Goto 3968 Goto 5541 Goto 5178 Goto 6044 Goto 8665 Goto 6319 Goto 8262 Goto 9641 Goto 9241 Goto 9740 Goto 5354 Goto 6870 Goto 8609 Goto 7019 Goto 6955 Goto 9763 Goto 5555 Goto 9155 Goto 8249 Goto 7827 Goto 7319 Goto 8993 Goto 8475 Goto 8928 Goto 7712 Goto 7110 Goto 9371 Goto 7084 Goto 8229 Goto 9814 Goto 918 Goto 7974 Goto 9443 Goto 9270 Goto 6713 Goto 6970 Goto 9225 Goto 6274 Goto 7494 Goto 1643 Goto 6094 Goto 5312 Goto 9718 Goto 9528 Goto 7975 Goto 915 Goto 6858 Goto 6606 Goto 8191 Goto 970 Goto 696 Goto 8285 Goto 5840 Goto 1600 Goto 1871 Goto 355 Goto 7445 Goto 9510 Goto 6196 Goto 7802 Goto 5884 Goto 2351 Goto 2822 Goto 7450 Goto 7502 Goto 4247 Goto 976 Goto 9919 Goto 716 Goto 9778 Goto 2808 Goto 9893 Goto 8173 Goto 5829 Goto 5604 Goto 930 Goto 6005 Goto 8922 Goto 7071 Goto 1916 Goto 4675 Goto 4702 Goto 8081 Goto 800 Goto 3397 Goto 8258 Goto 6861 Goto 79 Goto 5442 Goto 9485 Goto 9635 Goto 3524 Goto 5811 Goto 9529 Goto 2332 Goto 9114 Goto 8318 Goto 3496 Goto 6232 Goto 91 Goto 9797 Goto 8761 Goto 7668 Goto 7776 Goto 9210 Goto 9906 Goto 1816 Goto 7051 Goto 7927 Goto 9609 Goto 5621 Goto 9205 Goto 8407 Goto 9943 Goto 7441 Goto 8103 Goto 2694 Goto 7930 Goto 9555 Goto 7782 Goto 4120 Goto 6212 Goto 9279 Goto 8 Goto 6474 Goto 8655 Goto 8682 Goto 9493 Goto 9292 Goto 9759 Goto 7352 Goto 9767 Goto 6266 Goto 9832 Goto 6561 Goto 7706 Goto 9295 Goto 57 Goto 7893 Goto 6957 Goto 7788 Goto 4069 Goto 8945 Goto 853 Goto 7170 Goto 8887 Goto 728 Goto 6819 Goto 9383 Goto 4601 Goto 5628 Goto 4616 Goto 9997 Goto 8711 Goto 8487 Goto 7669 Goto 6958 Goto 6963 Goto 8188 Goto 7481 Goto 7254 Goto 6073 Goto 2786 Goto 2839 Goto 7513 Goto 5826 Goto 4877 Goto 5657 Goto 8389 Goto 4845 Goto 8602 Goto 7560 Goto 9548 Goto 6291 Goto 947 Goto 3624 Goto 8919 Goto 7099 Goto 6869 Goto 98 Goto 9830 Goto 6885 Goto 9916 Goto 8368 Goto 5599 Goto 8732 Goto 6491 Goto 4293 Goto 8343 Goto 1777 Goto 792 Goto 8943 Goto 9399 Goto 6930 Goto 9676 Goto 8271 Goto 9221 Goto 9613 Goto 9462 Goto 8166 Goto 7833 Goto 8628 Goto 5261 Goto 8989 Goto 629 Goto 1050 Goto 658 Goto 7000 Goto 9934 Goto 8999 Goto 823 Goto 9661 Goto 9496 Goto 6465 Goto 4432 Goto 8768 Goto 3126 Goto 9989 Goto 834 Goto 972 Goto 4914 Goto 9736 Goto 8589 Goto 9121 Goto 8085 Goto 8777 Goto 6110 Goto 2224 Goto 5579 Goto 458 Goto 7916 Goto 9498 Goto 9561 Goto 9328 Goto 932 Goto 4450 Goto 7383 Goto 7991 Goto 987 Goto 8455 Goto 9846 Goto 951 Goto 8396 Goto 9773 Goto 8677 Goto 5976 Goto 8800 Goto 9547 Goto 6061 Goto 8669 Goto 95 Goto 8481 Goto 5836 Goto 4708 Goto 729 Goto 9425 Goto 8577 Goto 9257 Goto 5990 Goto 7631 Goto 3458 Goto 8802 Goto 8808 Goto 7616 Goto 2942 Goto 1947 Goto 3561 Goto 3354 Goto 8896 Goto 2368 Goto 5125 Goto 3261 Goto 9558 Goto 7457 Goto 4734 Goto 4996 Goto 2414 Goto 222 Goto 123 Goto 4453 Goto 6991 Goto 5184 Goto 9928 Goto 6680 Goto 2864 Goto 7222 Goto 8346 Goto 6139 Goto 7414 Goto 7033 Goto 5940 Goto 520 Goto 9511 Goto 995 Goto 4830 Goto 5262 Goto 7237 Goto 8207 Goto 3467 Goto 438 Goto 8867 Goto 7909 Goto 7102 Goto 6847 Goto 9827 Goto 4211 Goto 8766 Goto 7787 Goto 7448 Goto 6030 Goto 6589 Goto 7310 Goto 7338 Goto 6832 Goto 8402 Goto 5815 Goto 530 Goto 859 Goto 9996 Goto 739 Goto 7998 Goto 712 Goto 8341 Goto 593 Goto 9453 Goto 529 Goto 5147 Goto 9164 Goto 5128 Goto 293 Goto 9696 Goto 99 Goto 4662 Goto 7997 Goto 5259 Goto 735 Goto 8321 Goto 9716 Goto 579 Goto 5789 Goto 713 Goto 9192 Goto 813 Goto 9626 Goto 7894 Goto 8325 Goto 9463 Goto 916 Goto 9580 Goto 6013 Goto 8225 Goto 7104 Goto 2923 Goto 1953 Goto 8496 Goto 8969 Goto 5842 Goto 9766 Goto 5003 Goto 7924 Goto 7275 Goto 5705 Goto 5238 Goto 8863 Goto 965 Goto 1487 Goto 7208 Goto 47 Goto 4776 Goto 7339 Goto 689 Goto 2778 Goto 5421 Goto 8693 Goto 9576 Goto 8309 Goto 521 Goto 5893 Goto 772 Goto 2888 Goto 3122 Goto 9406 Goto 7335 Goto 5553 Goto 9314 Goto 9680 Goto 7420 Goto 3899 Goto 6592 Goto 2819 Goto 4884 Goto 5531 Goto 2113 Goto 7946 Goto 7700 Goto 6965 Goto 9246 Goto 5505 Goto 8100 Goto 9284 Goto 3736 Goto 5772 Goto 8688 Goto 3806 Goto 9006 Goto 7758 Goto 9946 Goto 610 Goto 4481 Goto 8745 Goto 9317 Goto 7874 Goto 9176 Goto 8508 Goto 7674 Goto 8582 Goto 9605 Goto 7861 Goto 9135 Goto 6882 Goto 700 Goto 9790 Goto 7126 Goto 8871 Goto 8445 Goto 9261 Goto 7804 Goto 8829 Goto 7114 Goto 8953 Goto 9560 Goto 9578 Goto 692 Goto 5274 Goto 7003 Goto 885 Goto 8868 Goto 5596 Goto 4331 Goto 5115 Goto 5820 Goto 8708 Goto 821 Goto 9000 Goto 3834 Goto 1260 Goto 6533 Goto 6950 Goto 9988 Goto 9539 Goto 2438 Goto 8986 Goto 9947 Goto 9316 Goto 9614 Goto 4840 Goto 3889 Goto 921 Goto 8494 Goto 9918 Goto 9659 Goto 4773 Goto 3409 Goto 8853 Goto 9019 Goto 9180 Goto 4557 Goto 974 Goto 4894 Goto 9483 Goto 7329 Goto 5532 Goto 9408 Goto 531 Goto 8833 Goto 8517 Goto 4724 Goto 8474 Goto 9188 Goto 8167 Goto 9927 Goto 7703 Goto 8145 Goto 6816 Goto 7098 Goto 7797 Goto 9040 Goto 6877 Goto 3683 Goto 9231 Goto 5732 Goto 9162 Goto 5943 Goto 6748 Goto 992 Goto 5645 Goto 8613 Goto 8322 Goto 9170 Goto 9002 Goto 7028 Goto 9774 Goto 7701 Goto 9662 Goto 2678 Goto 7316 Goto 8816 Goto 9544 Goto 6440 Goto 9753 Goto 8523 Goto 9587 Goto 9026 Goto 6981 Goto 8463 Goto 7218 Goto 4928 Goto 6461 Goto 7294 Goto 6317 Goto 9276 Goto 312 Goto 9931 Goto 7741 Goto 4929 Goto 1795 Goto 8333 Goto 9167 Goto 5258 Goto 9465 Goto 8705 Goto 6456 Goto 4424 Goto 7427 Goto 9705 Goto 451 Goto 6812 Goto 7805 Goto 8345 Goto 9074 Goto 9444 Goto 7693 Goto 9935 Goto 9058 Goto 4308 Goto 3103 Goto 9728 Goto 9115 Goto 6647 Goto 3440 Goto 7633 Goto 9678 Goto 9239 Goto 7015 Goto 198 Goto 3091 Goto 7740 Goto 8659 Goto 4412 Goto 9632 Goto 5581 Goto 6176 Goto 5874 Goto 4833 Goto 8845 Goto 4456 Goto 7849 Goto 6580 Goto 8395 Goto 829 Goto 7013 Goto 5639 Goto 7578 Goto 8681 Goto 9799 Goto 8547 Goto 1171 Goto 7371 Goto 975 Goto 9327 Goto 8065 Goto 9268 Goto 1355 Goto 9888 Goto 8925 Goto 5347 Goto 7650 Goto 7055 Goto 4325 Goto 7570 Goto 9704 Goto 8490 Goto 9171 Goto 9552 Goto 6584 Goto 8840 Goto 6519 Goto 3733 Goto 8820 Goto 7937 Goto 790 Goto 7836 Goto 6762 Goto 7476 Goto 5595 Goto 5177 Goto 7368 Goto 4303 Goto 7382 Goto 524 Goto 7322 Goto 5670 Goto 5468 Goto 9119 Goto 9698 Goto 5648 Goto 9642 Goto 6639 Goto 6767 Goto 7809 Goto 8828 Goto 7389 Goto 7951 Goto 9844 Goto 6543 Goto 4902 Goto 6611 Goto 688 Goto 7520 Goto 8885 Goto 4427 Goto 7822 Goto 7871 Goto 5474 Goto 5790 Goto 7127 Goto 5828 Goto 9048 Goto 7535 Goto 9372 Goto 527 Goto 9951 Goto 661 Goto 1044 Goto 7486 Goto 7615 Goto 7273 Goto 671 Goto 6778 Goto 9267 Goto 9723 Goto 5944 Goto 9211 Goto 2698 Goto 2663 Goto 169 Goto 5246 Goto 4586 Goto 8685 Goto 4791 Goto 7557 Goto 9303 Goto 6337 Goto 797 Goto 9455 Goto 1348 Goto 8737 Goto 9877 Goto 8134 Goto 8933 Goto 7462 Goto 4243 Goto 3172 Goto 5481 Goto 7726 Goto 8696 Goto 9638 Goto 206 Goto 9008 Goto 851 Goto 5533 Goto 9513 Goto 8366 Goto 3682 Goto 7572 Goto 9651 Goto 8897 Goto 4880 Goto 7713 Goto 3280 Goto 1602 Goto 9332 Goto 869 Goto 9201 Goto 9786 Goto 4047 Goto 7366 Goto 886 Goto 7817 Goto 7358 Goto 106 Goto 3787 Goto 9965 Goto 8793 Goto 8909 Goto 7318 Goto 9079 Goto 7917 Goto 7853 Goto 9710 Goto 8511 Goto 1157 Goto 4294 Goto 5854 Goto 7384 Goto 622 Goto 8016 Goto 3335 Goto 2862 Goto 9910 Goto 7795 Goto 2176 Goto 9090 Goto 8223 Goto 8564 Goto 9861 Goto 3670 Goto 7683 Goto 6545 Goto 9146 Goto 8780 Goto 2600 Goto 3074 Goto 7928 Goto 9808 Goto 824 Goto 7939 Goto 7419 Goto 9527 Goto 2346 Goto 9584 Goto 9616 Goto 4740 Goto 3631 Goto 9650 Goto 5651 Goto 7288 Goto 9004 Goto 6910 Goto 6577 Goto 3959 Goto 8784 Goto 7799 Goto 8008 Goto 4656 Goto 7363 Goto 5957 Goto 9309 Goto 235 Goto 831 Goto 952 Goto 9948 Goto 946 Goto 8650 Goto 9266 Goto 9078 Goto 8324 Goto 9345 Goto 8397 Goto 5470 Goto 5370 Goto 8331 Goto 5043 Goto 9287 Goto 9265 Goto 7858 Goto 6843 Goto 414 Goto 6769 Goto 3746 Goto 9945 Goto 2213 Goto 8675 Goto 8096 Goto 5537 Goto 9791 Goto 8465 Goto 9765 Goto 6700 Goto 636 Goto 8184 Goto 9151 Goto 4505 Goto 6367 Goto 8023 Goto 9342 Goto 9570 Goto 2725 Goto 7205 Goto 6609 Goto 8903 Goto 8633 Goto 4582 Goto 8917 Goto 344 Goto 7349 Goto 9703 Goto 8055 Goto 7807 Goto 9297 Goto 7083 Goto 7907 Goto 9955 Goto 7163 Goto 8706 Goto 4966 Goto 6192 Goto 7883 Goto 4826 Goto 9950 Goto 8025 Goto 7944 Goto 6378 Goto 4167 Goto 1770 Goto 815 Goto 7652 Goto 4171 Goto 446 Goto 6258 Goto 2110 Goto 6623 Goto 7529 Goto 6308 Goto 6689 Goto 8015 Goto 8072 Goto 7743 Goto 9617 Goto 404 Goto 6836 Goto 6900 Goto 4800 Goto 8692 Goto 9886 Goto 7286 Goto 9324 Goto 5692 Goto 5589 Goto 4615 Goto 1300 Goto 9423 Goto 7677 Goto 8776 Goto 5697 Goto 9566 Goto 2991 Goto 2629 Goto 6403 Goto 8175 Goto 8733 Goto 7364 Goto 4082 Goto 9620 Goto 3693 Goto 973 Goto 900 Goto 8976 Goto 8963 Goto 8126 Goto 8614 Goto 8176 Goto 3446 Goto 8083 Goto 8393 Goto 577 Goto 9479 Goto 7950 Goto 9731 Goto 4599 Goto 8031 Goto 6931 Goto 9461 Goto 7692 Goto 8227 Goto 1483 Goto 6268 Goto 9957 Goto 9094 Goto 3781 Goto 4823 Goto 9969 Goto 844 Goto 8550 Goto 9031 Goto 7056 Goto 5562 Goto 8459 Goto 730 Goto 8956 Goto 9922 Goto 5559 Goto 9623 Goto 5489 Goto 6209 Goto 3540 Goto 7783 Goto 4583 Goto 3758 Goto 4676 Goto 8348 Goto 8771 Goto 5463 Goto 7514 Goto 994 Goto 4669 Goto 6069 Goto 6654 Goto 2653 Goto 9387 Goto 8498 Goto 6500 Goto 7314 Goto 8884 Goto 7601 Goto 9238 Goto 8605 Goto 9890 Goto 5278 Goto 1478 Goto 255 Goto 7004 Goto 8201 Goto 943 Goto 4040 Goto 4761 Goto 6489 Goto 9917 Goto 8716 Goto 9788 Goto 1118 Goto 5167 Goto 8384 Goto 9782 Goto 8861 Goto 8311 Goto 9326 Goto 3415 Goto 3200 Goto 5191 Goto 97 Goto 7048 Goto 7591 Goto 9665 Goto 8315 Goto 5529 Goto 9153 Goto 2726 Goto 8493 Goto 9304 Goto 6219 Goto 3422 Goto 9203 Goto 9475 Goto 9818 Goto 5073 Goto 7375 Goto 9018 Goto 9787 Goto 6306 Goto 8194 Goto 8964 Goto 3755 Goto 8534 Goto 8480 Goto 904 Goto 3556 Goto 9750 Goto 1317 Goto 9374 Goto 8054 Goto 5983 Goto 3141 Goto 4304 Goto 8684 Goto 8350 Goto 1588 Goto 1559 Goto 1807 Goto 5140 Goto 4165 Goto 7569 Goto 5627 Goto 8127 Goto 9133 Goto 5566 Goto 6967 Goto 9514 Goto 6014 Goto 1651 Goto 8662 Goto 5964 Goto 594 Goto 7921 Goto 770 Goto 4756 Goto 4951 Goto 3060 Goto 4664 Goto 5819 Goto 7671 Goto 9325 Goto 464 Goto 7681 Goto 836 Goto 7137 Goto 9096 Goto 6346 Goto 9341 Goto 5540 Goto 4423 Goto 5516 Goto 633 Goto 7852 Goto 4962 Goto 896 Goto 6449 Goto 9010 Goto 6213 Goto 9565 Goto 378 Goto 9357 Goto 244 Goto 969 Goto 1655 Goto 744 Goto 6169 Goto 4634 Goto 9125 Goto 8516 Goto 9248 Goto 8451 Goto 9564 Goto 5791 Goto 1247 Goto 9663 Goto 5172 Goto 8921 Goto 9645 Goto 4916 Goto 6881 Goto 679 Goto 4801 Goto 6342 Goto 8748 Goto 9869 Goto 9107 Goto 5590 Goto 2309 Goto 8334 Goto 9147 Goto 3344 Goto 5695 Goto 9598 Goto 7620 Goto 6929 Goto 997 Goto 9484 Goto 8946 Goto 7527 Goto 7242 Goto 7842 Goto 867 Goto 9049 Goto 9745 Goto 7901 Goto 9012 Goto 5608 Goto 1197 Goto 9518 Goto 9055 Goto 4760 Goto 4071 Goto 8296 Goto 9271 Goto 9128 Goto 9929 Goto 2185 Goto 7748 Goto 8267 Goto 4862 Goto 8356 Goto 9088 Goto 685 Goto 6079 Goto 1481 Goto 8866 Goto 534 Goto 9436 Goto 7910 Goto 7278 Goto 1538 Goto 8430 Goto 3712 Goto 4433 Goto 8789 Goto 6734 Goto 6724 Goto 7336 Goto 7879 Goto 8810 Goto 3785 Goto 7952 Goto 6442 Goto 6659 Goto 7298 Goto 8857 Goto 4844 Goto 7396 Goto 6587 Goto 8587 Goto 7300 Goto 9281 Goto 881 Goto 8294 Goto 6944 Goto 9108 Goto 8623 Goto 8282 Goto 3552 Goto 4104 Goto 8578 Goto 9532 Goto 7860 Goto 5367 Goto 3201 Goto 9044 Goto 7588 Goto 2539 Goto 697 Goto 5318 Goto 4921 Goto 1301 Goto 9594 Goto 8074 Goto 1174 Goto 8086 Goto 8997 Goto 7017 Goto 9992 Goto 1357 Goto 6702 Goto 4055 Goto 6197 Goto 1513 Goto 7505 Goto 7895 Goto 8159 Goto 4532 Goto 9098 Goto 9032 Goto 5974 Goto 7154 Goto 2968 Goto 8353 Goto 958 Goto 7707 Goto 8891 Goto 7097 Goto 9360 Goto 7128 Goto 9909 Goto 1231 Goto 8765 Goto 882 Goto 5304 Goto 8090 Goto 8518 Goto 7904 Goto 8724 Goto 780 Goto 614 Goto 9294 Goto 7413 Goto 8937 Goto 4221 Goto 2807 Goto 72 Goto 3134 Goto 8440 Goto 2023 Goto 8337 Goto 6136 Goto 5040 Goto 9478 Goto 4103 Goto 289 Goto 3520 Goto 8860 Goto 9521 Goto 8424 Goto 5831 Goto 7611 Goto 8155 Goto 7187 Goto 4667 Goto 6244 Goto 9857 Goto 8735 Goto 7534 Goto 5375 Goto 9907 Goto 8787 Goto 8983 Goto 7645 Goto 891 Goto 9041 Goto 7484 Goto 8892 Goto 3918 Goto 8781 Goto 9838 Goto 5317 Goto 1661 Goto 5694 Goto 5440 Goto 6131 Goto 8061 Goto 81 Goto 5423 Goto 586 Goto 9573 Goto 7252 Goto 7421 Goto 7592 Goto 9456 Goto 6225 Goto 3920 Goto 9489 Goto 1364 Goto 4597 Goto 6824 Goto 9299 Goto 5139 Goto 2326 Goto 9717 Goto 3705 Goto 1699 Goto 8664 Goto 6886 Goto 9568 Goto 9971 Goto 5381 Goto 6775 Goto 9604 Goto 8104 Goto 8002 Goto 634 Goto 1642 Goto 5036 Goto 5701 Goto 7276 Goto 783 Goto 940 Goto 9134 Goto 5431 Goto 5835 Goto 8434 Goto 8192 Goto 7751 Goto 8485 Goto 4434 Goto 8908 Goto 3898 Goto 3902 Goto 8190 Goto 9841 Goto 7958 Goto 7317 Goto 6096 Goto 9729 Goto 9720 Goto 3370 Goto 9260 Goto 5777 Goto 9333 Goto 9354 Goto 9150 Goto 7020 Goto 5035 Goto 1274 Goto 937 Goto 3846 Goto 560 Goto 5691 Goto 8264 Goto 925 Goto 3473 Goto 5257 Goto 8250 Goto 9442 Goto 6493 Goto 8328 Goto 9474 Goto 5293 Goto 9865 Goto 3258 Goto 7848 Goto 7665 Goto 6946 Goto 7305 Goto 7711 Goto 9053 Goto 2682 Goto 421 Goto 6210 Goto 9062 Goto 924 Goto 3729 Goto 3642 Goto 5863 Goto 7164 Goto 4132 Goto 4873 Goto 6056 Goto 5544 Goto 8515 Goto 4636 Goto 9111 Goto 1367 Goto 9409 Goto 9278 Goto 5388 Goto 509 Goto 979 Goto 8713 Goto 4409 Goto 9307 Goto 139 Goto 8874 Goto 3730 Goto 545 Goto 7537 Goto 70 Goto 6774 Goto 9849 Goto 5176 Goto 711 Goto 8750 Goto 9487 Goto 6671 Goto 2290 Goto 6313 Goto 5807 Goto 9282 Goto 9621 Goto 558 Goto 4555 Goto 989 Goto 7176 Goto 6953 Goto 4905 Goto 1175 Goto 8179 Goto 6510 Goto 1082 Goto 9247 Goto 7821 Goto 9301 Goto 2297 Goto 9535 Goto 7150 Goto 7152 Goto 1855 Goto 5572 Goto 9686 Goto 5439 Goto 760 Goto 6445 Goto 5170 Goto 8598 Goto 6155 Goto 3925 Goto 9064 Goto 1701 Goto 4342 Goto 3008 Goto 538 Goto 9302 Goto 963 Goto 9549 Goto 9798 Goto 6727 Goto 9482 Goto 5277 Goto 8478 Goto 544 Goto 7184 Goto 2075 Goto 374 Goto 9495 Goto 8135 Goto 9507 Goto 8567 Goto 8935 Goto 7203 Goto 9199 Goto 6976 Goto 1648 Goto 8230 Goto 9938 Goto 7564 Goto 8949 Goto 9427 Goto 7778 Goto 9780 Goto 7225 Goto 6097 Goto 3143 Goto 4638 Goto 9936 Goto 8791 Goto 9550 Goto 2902 Goto 9450 Goto 9671 Goto 8326 Goto 7475 Goto 7918 Goto 8624 Goto 6786 Goto 8596 Goto 8627 Goto 4609 Goto 2730 Goto 6765 Goto 7919 Goto 8087 Goto 8689 Goto 7147 Goto 5149 Goto 4404 Goto 6085 Goto 7091 Goto 1200 Goto 9687 Goto 3710 Goto 9138 Goto 9174 Goto 6099 Goto 7014 Goto 843 Goto 7727 Goto 9056 Goto 8302 Goto 8676 Goto 548 Goto 7435 Goto 9398 Goto 2669 Goto 8821 Goto 8447 Goto 9789 Goto 9185 Goto 4686 Goto 9708 Goto 3666 Goto 3385 Goto 7555 Goto 707 Goto 6810 Goto 8082 Goto 9509 Goto 4179 Goto 9694 Goto 2013 Goto 5798 Goto 8291 Goto 9530 Goto 329 Goto 3502 Goto 5841 Goto 8276 Goto 9415 Goto 8376 Goto 266 Goto 4347 Goto 8815 Goto 8131 Goto 8089 Goto 3686 Goto 9202 Goto 8957 Goto 6270 Goto 5816 Goto 759 Goto 7387 Goto 5412 Goto 8378 Goto 5894 Goto 7247 Goto 2247 Goto 7477 Goto 9991 Goto 9771 Goto 6088 Goto 7471 Goto 9029 Goto 3814 Goto 7941 Goto 2426 Goto 4908 Goto 4473 Goto 8442 Goto 833 Goto 528 Goto 2510 Goto 3355 Goto 4451 Goto 4744 Goto 2082 Goto 6846 Goto 996 Goto 9599 Goto 935 Goto 3756 Goto 9737 Goto 9806 Goto 9682 Goto 8661 Goto 5206 Goto 753 Goto 6838 Goto 5605 Goto 3072 Goto 9702 Goto 1533 Goto 3808 Goto 9707 Goto 570 Goto 6789 Goto 9132 Goto 9086 Goto 6553 Goto 5088 Goto 547 Goto 5749 Goto 4349 Goto 9421 Goto 1753 Goto 9831 Goto 23 Goto 4689 Goto 9794 Goto 6828 Goto 2529 Goto 8971 Goto 8305 Goto 8797 Goto 2253 Goto 8726 Goto 9166 Goto 9127 Goto 676 Goto 2721 Goto 6563 Goto 5941 Goto 9660 Goto 8468 Goto 5108 Goto 5339 Goto 9571 Goto 6952 Goto 8036 Goto 5417 Goto 3970 Goto 860 Goto 4381 Goto 9937 Goto 6071 Goto 7886 Goto 9819 Goto 9834 Goto 7025 Goto 9435 Goto 7610 Goto 2333 Goto 7546 Goto 5237 Goto 9355 Goto 9283 Goto 4264 Goto 8157 Goto 3998 Goto 7330 Goto 6558 Goto 8883 Goto 5958 Goto 7309 Goto 776 Goto 4058 Goto 9452 Goto 1297 Goto 8985 Goto 9631 Goto 2738 Goto 2120 Goto 6473 Goto 2230 Goto 8256 Goto 2021 Goto 9590 Goto 9381 Goto 9842 Goto 3461 Goto 1471 Goto 2154 Goto 2615 Goto 7001 Goto 8071 Goto 878 Goto 2479 Goto 8427 Goto 7600 Goto 8806 Goto 9592 Goto 5584 Goto 4535 Goto 8725 Goto 9441 Goto 9896 Goto 7229 Goto 9197 Goto 8972 Goto 3324 Goto 1781 Goto 3856 Goto 8275 Goto 5420 Goto 830 Goto 8881 Goto 6084 Goto 7543 Goto 9454 Goto 764 Goto 3234 Goto 4796 Goto 46 Goto 7106 Goto 243 Goto 4430 Goto 3565 Goto 9964 Goto 9051 Goto 6685 Goto 9237 Goto 9793 Goto 7938 Goto 9962 Goto 8436 Goto 9072 Goto 8053 Goto 5282 Goto 431 Goto 9506 Goto 1976 Goto 9593 Goto 9523 Goto 8792 Goto 9825 Goto 8118 Goto 9770 Goto 9591 Goto 5600 Goto 9734 Goto 8457 Goto 9615 Goto 2085 Goto 703 Goto 385 Goto 8361 Goto 9967 Goto 9701 Goto 6914 Goto 9897 Goto 9432 Goto 1734 Goto 4234 Goto 6993 Goto 5696 Goto 7108 Goto 6781 Goto 7281 Goto 5952 Goto 460 Goto 8542 Goto 1779 Goto 9269 Goto 49 Goto 7900 Goto 8572 Goto 941 Goto 9505 Goto 9574 Goto 4898 Goto 8342 Goto 3975 Goto 2236 Goto 6766 Goto 75 Goto 7145 Goto 4984 Goto 1234 Goto 5219 Goto 9380 Goto 8698 Goto 6358 Goto 5660 Goto 9813 Goto 9077 Goto 7724 Goto 5305 Goto 7755 Goto 4574 Goto 3980 Goto 9963 Goto 8219 Goto 1917 Goto 2122 Goto 7224 Goto 7718 Goto 5575 Goto 6124 Goto 8099 Goto 7118 Goto 8110 Goto 7744 Goto 9310 Goto 5875 Goto 6859 Goto 9213 Goto 2870 Goto 5797 Goto 8098 Goto 7031 Goto 9673 Goto 7845 Goto 9418 Goto 4736 Goto 8930 Goto 9839 Goto 4650 Goto 3466 Goto 5611 Goto 3838 Goto 9627 Goto 9572 Goto 6695 Goto 9871 Goto 9348 Goto 774 Goto 4398 Goto 7230 Goto 2825 Goto 1152 Goto 7018 Goto 6633 Goto 714 Goto 1150 Goto 9932 Goto 9639 Goto 7101 Goto 250 Goto 263 Goto 6531 Goto 7752 Goto 5655 Goto 1473 Goto 7024 Goto 2370 Goto 332 Goto 4647 Goto 9925 Goto 6830 Goto 1291 Goto 2540 Goto 7103 Goto 1746 Goto 9546 Goto 5726 Goto 4478 Goto 7992 Goto 858 Goto 8488 Goto 887 Goto 3627 Goto 893 Goto 9803 Goto 2972 Goto 7979 Goto 1627 Goto 7353 Goto 6715 Goto 8372 Goto 1938 Goto 9985 Goto 2552 Goto 8648 Goto 3619 Goto 4940 Goto 5539 Goto 8240 Goto 9884 Goto 5233 Goto 9254 Goto 8128 Goto 2875 Goto 8991 Goto 5077 Goto 8554 Goto 5681 Goto 9845 Goto 3185 Goto 8722 Goto 9900 Goto 6285 Goto 9438 Goto 5075 Goto 1296 Goto 4641 Goto 7687 Goto 9775 Goto 7719 Goto 8804 Goto 6410 Goto 5760 Goto 9250 Goto 7325 Goto 218 Goto 3247 Goto 1747 Goto 491 Goto 7240 Goto 8069 Goto 5201 Goto 6502 Goto 8678 Goto 9023 Goto 8888 Goto 3651 Goto 9792 Goto 6415 Goto 4007 Goto 8160 Goto 9030 Goto 8010 Goto 978 Goto 6321 Goto 8336 Goto 1706 Goto 2044 Goto 1430 Goto 612 Goto 1184 Goto 4070 Goto 9001 Goto 7847 Goto 8242 Goto 7875 Goto 7515 Goto 9229 Goto 2472 Goto 953 Goto 9541 Goto 9700 Goto 8984 Goto 6906 Goto 532 Goto 4464 Goto 6492 Goto 8211 Goto 6234 Goto 9779 Goto 4572 Goto 3802 Goto 9145 Goto 2967 Goto 8358 Goto 909 Goto 6063 Goto 8774 Goto 8007 Goto 384 Goto 2947 Goto 5050 Goto 9385 Goto 1500 Goto 2823 Goto 9908 Goto 6839 Goto 7733 Goto 7264 Goto 6898 Goto 5751 Goto 9087 Goto 2007 Goto 2568 Goto 6101 Goto 9757 Goto 5429 Goto 9828 Goto 8108 Goto 9829 Goto 6518 Goto 5876 Goto 9643 Goto 3990 Goto 3047 Goto 8822 Goto 6849 Goto 7548 Goto 40 Goto 1449 Goto 8111 Goto 3373 Goto 7277 Goto 6982 Goto 695 Goto 1789 Goto 8149 Goto 8979 Goto 3869 Goto 767 Goto 1709 Goto 6936 Goto 6290 Goto 7761 Goto 8847 Goto 777 Goto 1085 Goto 2188 Goto 8158 Goto 5784 Goto 270 Goto 1537 Goto 788 Goto 6883 Goto 7228 Goto 9369 Goto 6607 Goto 819 Goto 7125 Goto 7042 Goto 6413 Goto 3513 Goto 6416 Goto 9675 Goto 9648 Goto 910 Goto 8501 Goto 7784 Goto 6703 Goto 4351 Goto 9259 Goto 7058 Goto 1499 Goto 6634 Goto 343 Goto 9059 Goto 6818 Goto 8129 Goto 224 Goto 9742 Goto 3782 Goto 8658 Goto 3112 Goto 9810 Goto 5169 Goto 5306 Goto 2695 Goto 6060 Goto 1768 Goto 399 Goto 7872 Goto 8825 Goto 977 Goto 8449 Goto 9524 Goto 6452 Goto 5909 Goto 8954 Goto 7531 Goto 998 Goto 5297 Goto 9219 Goto 8947 Goto 375 Goto 7063 Goto 4315 Goto 4719 Goto 3378 Goto 8560 Goto 840 Goto 9481 Goto 6892 Goto 6725 Goto 1192 Goto 8416 Goto 7519 Goto 3059 Goto 6182 Goto 6224 Goto 5721 Goto 1756 Goto 8259 Goto 9361 Goto 1631 Goto 1927 Goto 641 Goto 7100 Goto 807 Goto 5342 Goto 7820 Goto 8575 Goto 4333 Goto 9892 Goto 1312 Goto 3870 Goto 8586 Goto 6463 Goto 7850 Goto 3345 Goto 9459 Goto 8576 Goto 9375 Goto 8094 Goto 5558 Goto 883 Goto 8826 Goto 2577 Goto 6017 Goto 7408 Goto 3653 Goto 4945 Goto 8876 Goto 1281 Goto 8812 Goto 842 Goto 8529 Goto 4190 Goto 3973 Goto 9367 Goto 6516 Goto 3248 Goto 5047 Goto 5366 Goto 8736 Goto 8707 Goto 4235 Goto 8931 Goto 9999";57,571000;10391;2757;1481312,03
dum;10000;3;1234;ucs;"Goto 8141 Goto 2957 Goto 7761 Goto 9244 Goto 7596 Goto 6005 Goto 6511 Goto 903 Goto 8931 Goto 9999";69,472000;12764;16;3537,45
dum;10000;3;1234;gfs;"Goto 8141 Goto 6822 Goto 7897 Goto 1447 Goto 4125 Goto 855 Goto 6608 Goto 8030 Goto 9607 Goto 1947 Goto 2943 Goto 1315 Goto 8399 Goto 967 Goto 2748 Goto 2763 Goto 2550 Goto 6190 Goto 7598 Goto 6446 Goto 226 Goto 6725 Goto 964 Goto 4 Goto 9949 Goto 6162 Goto 1592 Goto 4825 Goto 5203 Goto 7157 Goto 4573 Goto 227 Goto 848 Goto 5826 Goto 475 Goto 576 Goto 2263 Goto 3924 Goto 9359 Goto 7930 Goto 9555 Goto 502 Goto 1004 Goto 1006 Goto 6520 Goto 1782 Goto 5820 Goto 8708 Goto 821 Goto 2609 Goto 4853 Goto 6842 Goto 5374 Goto 4235 Goto 8931 Goto 9999";61,092000;11330;109;19085,53
dum;10000;3;1234;astar;"Goto 8141 Goto 2957 Goto 7761 Goto 9244 Goto 7596 Goto 6005 Goto 6511 Goto 903 Goto 8931 Goto 9999";39,120000;6419;15;3537,45
dum;10000;5;1234;bfs;"Goto 8394 Goto 773 Goto 4541 Goto 8931 Goto 9999";244,917000;72195;6;2512,46
dum;10000;5;1234;dfs;"Goto 8394 Goto 8541 Goto 9704 Goto 9042 Goto 9689 Goto 8946 Goto 8288 Goto 9749 Goto 9982 Goto 8944 Goto 8026 Goto 898 Goto 8994 Goto 9630 Goto 8755 Goto 9037 Goto 9773 Goto 947 Goto 8656 Goto 9679 Goto 9341 Goto 8633 Goto 9036 Goto 829 Goto 9870 Goto 9658 Goto 8329 Goto 9109 Goto 9928 Goto 7096 Goto 9918 Goto 9659 Goto 9757 Goto 913 Goto 8438 Goto 9802 Goto 850 Goto 9509 Goto 8411 Goto 8739 Goto 8572 Goto 941 Goto 9505 Goto 9574 Goto 9759 Goto 9957 Goto 9094 Goto 8150 Goto 9876 Goto 8899 Goto 9927 Goto 8189 Goto 9792 Goto 9862 Goto 9753 Goto 9381 Goto 9842 Goto 8018 Goto 7734 Goto 7457 Goto 9692 Goto 9908 Goto 7948 Goto 8974 Goto 9530 Goto 8947 Goto 9944 Goto 688 Goto 5346 Goto 751 Goto 9430 Goto 7117 Goto 9362 Goto 9804 Goto 9648 Goto 9889 Goto 8435 Goto 7876 Goto 7294 Goto 977 Goto 896 Goto 9950 Goto 8025 Goto 9760 Goto 9312 Goto 8360 Goto 8371 Goto 9577 Goto 9857 Goto 8735 Goto 7534 Goto 9201 Goto 9786 Goto 5807 Goto 9282 Goto 9621 Goto 6763 Goto 9962 Goto 8436 Goto 9425 Goto 8577 Goto 9257 Goto 8347 Goto 9863 Goto 7752 Goto 8266 Goto 8795 Goto 8996 Goto 9474 Goto 9893 Goto 8308 Goto 999 Goto 8492 Goto 9661 Goto 9496 Goto 6465 Goto 8761 Goto 790 Goto 9417 Goto 9566 Goto 8 Goto 8092 Goto 9382 Goto 8305 Goto 8797 Goto 6164 Goto 9363 Goto 8467 Goto 8006 Goto 9459 Goto 8576 Goto 9549 Goto 9798 Goto 8315 Goto 7606 Goto 9134 Goto 9472 Goto 8085 Goto 9895 Goto 9974 Goto 8835 Goto 9407 Goto 9845 Goto 9009 Goto 7009 Goto 9059 Goto 7621 Goto 6607 Goto 8815 Goto 8131 Goto 9568 Goto 9971 Goto 6497 Goto 9878 Goto 9146 Goto 9532 Goto 7860 Goto 9728 Goto 9115 Goto 9457 Goto 847 Goto 9785 Goto 9559 Goto 9723 Goto 9700 Goto 8984 Goto 7288 Goto 9004 Goto 6910 Goto 9191 Goto 9388 Goto 8473 Goto 6193 Goto 9280 Goto 9119 Goto 9698 Goto 9561 Goto 9328 Goto 932 Goto 9052 Goto 8259 Goto 9361 Goto 930 Goto 8719 Goto 9809 Goto 8610 Goto 9725 Goto 9062 Goto 924 Goto 8646 Goto 9632 Goto 5581 Goto 963 Goto 9471 Goto 9175 Goto 9766 Goto 9462 Goto 8798 Goto 8235 Goto 80 Goto 5611 Goto 9399 Goto 823 Goto 8471 Goto 9274 Goto 9550 Goto 9397 Goto 9467 Goto 9016 Goto 9967 Goto 9701 Goto 9858 Goto 983 Goto 9300 Goto 9952 Goto 7310 Goto 7748 Goto 9428 Goto 7535 Goto 9372 Goto 8778 Goto 9423 Goto 7843 Goto 6485 Goto 582 Goto 7382 Goto 9778 Goto 8358 Goto 9377 Goto 9535 Goto 8446 Goto 6813 Goto 7954 Goto 8033 Goto 986 Goto 6419 Goto 9790 Goto 8262 Goto 9868 Goto 9010 Goto 7508 Goto 9206 Goto 9023 Goto 9478 Goto 9086 Goto 9747 Goto 9217 Goto 9638 Goto 6227 Goto 9578 Goto 8526 Goto 8766 Goto 9169 Goto 8420 Goto 6448 Goto 9620 Goto 8151 Goto 7357 Goto 9839 Goto 8457 Goto 9615 Goto 7930 Goto 9555 Goto 8970 Goto 8606 Goto 8977 Goto 9271 Goto 8983 Goto 7736 Goto 7380 Goto 9942 Goto 8903 Goto 9526 Goto 6249 Goto 8000 Goto 9949 Goto 8840 Goto 9953 Goto 7848 Goto 7665 Goto 9270 Goto 7799 Goto 8008 Goto 9401 Goto 6654 Goto 9946 Goto 8395 Goto 9264 Goto 9688 Goto 9981 Goto 894 Goto 9969 Goto 844 Goto 878 Goto 8443 Goto 9499 Goto 835 Goto 8855 Goto 8914 Goto 970 Goto 6318 Goto 8897 Goto 7072 Goto 9979 Goto 9554 Goto 9165 Goto 938 Goto 9814 Goto 9189 Goto 9807 Goto 9273 Goto 9660 Goto 8468 Goto 940 Goto 8499 Goto 972 Goto 4914 Goto 9841 Goto 9806 Goto 9682 Goto 8661 Goto 9337 Goto 5225 Goto 821 Goto 9000 Goto 6514 Goto 9996 Goto 739 Goto 9542 Goto 8605 Goto 9890 Goto 9872 Goto 9833 Goto 7314 Goto 8884 Goto 9902 Goto 6851 Goto 8997 Goto 9114 Goto 97 Goto 931 Goto 864 Goto 6506 Goto 5649 Goto 8877 Goto 8515 Goto 9924 Goto 4477 Goto 9940 Goto 6042 Goto 8094 Goto 814 Goto 9634 Goto 9194 Goto 9975 Goto 7311 Goto 9603 Goto 9486 Goto 8427 Goto 7600 Goto 9027 Goto 8851 Goto 8689 Goto 8337 Goto 9197 Goto 9655 Goto 9970 Goto 7146 Goto 9567 Goto 9779 Goto 8353 Goto 958 Goto 7707 Goto 8891 Goto 9623 Goto 9402 Goto 954 Goto 9437 Goto 7155 Goto 8989 Goto 8662 Goto 9859 Goto 9102 Goto 8921 Goto 9645 Goto 6777 Goto 8985 Goto 9631 Goto 8498 Goto 7569 Goto 5627 Goto 8330 Goto 8470 Goto 9994 Goto 8902 Goto 8125 Goto 8241 Goto 9912 Goto 6406 Goto 642 Goto 9875 Goto 7938 Goto 5488 Goto 8447 Goto 9789 Goto 2681 Goto 9735 Goto 9204 Goto 8096 Goto 6232 Goto 91 Goto 9797 Goto 9881 Goto 6312 Goto 4667 Goto 9780 Goto 7406 Goto 9584 Goto 8800 Goto 9547 Goto 7821 Goto 9301 Goto 950 Goto 7827 Goto 8822 Goto 8543 Goto 9816 Goto 9855 Goto 8842 Goto 9090 Goto 8712 Goto 7963 Goto 1279 Goto 211 Goto 9992 Goto 9539 Goto 6101 Goto 6900 Goto 8889 Goto 8979 Goto 7438 Goto 9976 Goto 8219 Goto 5940 Goto 7177 Goto 9219 Goto 8736 Goto 8707 Goto 9907 Goto 8787 Goto 9925 Goto 8134 Goto 9389 Goto 4228 Goto 8640 Goto 7590 Goto 592 Goto 8455 Goto 9846 Goto 951 Goto 9442 Goto 8562 Goto 9404 Goto 9531 Goto 9613 Goto 7011 Goto 9099 Goto 8491 Goto 6053 Goto 6708 Goto 9223 Goto 9801 Goto 9667 Goto 9182 Goto 7755 Goto 9523 Goto 8792 Goto 9825 Goto 8511 Goto 8885 Goto 645 Goto 8625 Goto 9883 Goto 8279 Goto 9664 Goto 9896 Goto 7229 Goto 9788 Goto 9276 Goto 5617 Goto 6570 Goto 9948 Goto 946 Goto 8650 Goto 8485 Goto 9991 Goto 9771 Goto 6088 Goto 9545 Goto 9565 Goto 9211 Goto 9590 Goto 9387 Goto 9642 Goto 6639 Goto 8164 Goto 934 Goto 7576 Goto 7413 Goto 4442 Goto 8296 Goto 9796 Goto 4064 Goto 7423 Goto 9821 Goto 9754 Goto 7166 Goto 9847 Goto 3823 Goto 4396 Goto 9923 Goto 8038 Goto 7436 Goto 9854 Goto 8809 Goto 8312 Goto 876 Goto 9534 Goto 4892 Goto 9652 Goto 90 Goto 9258 Goto 882 Goto 9507 Goto 9764 Goto 5621 Goto 9205 Goto 8407 Goto 9943 Goto 7441 Goto 8968 Goto 369 Goto 7705 Goto 6196 Goto 7802 Goto 5884 Goto 2351 Goto 9573 Goto 9309 Goto 4759 Goto 8112 Goto 6693 Goto 9116 Goto 9724 Goto 8645 Goto 9718 Goto 9528 Goto 8301 Goto 9627 Goto 9572 Goto 933 Goto 9811 Goto 9470 Goto 9149 Goto 9605 Goto 7861 Goto 9591 Goto 6327 Goto 5749 Goto 8622 Goto 9295 Goto 9195 Goto 8290 Goto 9368 Goto 9427 Goto 8303 Goto 8130 Goto 9916 Goto 3670 Goto 9671 Goto 5959 Goto 9639 Goto 8856 Goto 9543 Goto 8423 Goto 5298 Goto 8106 Goto 6416 Goto 9873 Goto 9989 Goto 7656 Goto 9915 Goto 8317 Goto 8833 Goto 8517 Goto 8941 Goto 9536 Goto 9721 Goto 8228 Goto 7591 Goto 9665 Goto 7693 Goto 9935 Goto 9058 Goto 9218 Goto 6358 Goto 7613 Goto 9181 Goto 8729 Goto 5162 Goto 9985 Goto 8462 Goto 9252 Goto 8693 Goto 9576 Goto 8309 Goto 9123 Goto 945 Goto 9884 Goto 8133 Goto 9742 Goto 6340 Goto 8472 Goto 9637 Goto 8774 Goto 7870 Goto 9335 Goto 9840 Goto 9941 Goto 9589 Goto 9656 Goto 9729 Goto 9720 Goto 3370 Goto 9260 Goto 3126 Goto 1779 Goto 9269 Goto 6414 Goto 5038 Goto 2444 Goto 9333 Goto 9354 Goto 9458 Goto 9032 Goto 7541 Goto 9344 Goto 6585 Goto 3592 Goto 7627 Goto 7272 Goto 8611 Goto 9775 Goto 9033 Goto 9414 Goto 8700 Goto 8236 Goto 8590 Goto 9465 Goto 9519 Goto 7544 Goto 9740 Goto 6571 Goto 6652 Goto 8533 Goto 9303 Goto 7141 Goto 9707 Goto 7412 Goto 8062 Goto 7633 Goto 9678 Goto 9853 Goto 7832 Goto 9024 Goto 9960 Goto 3402 Goto 6987 Goto 873 Goto 9351 Goto 846 Goto 6907 Goto 874 Goto 9633 Goto 7205 Goto 6609 Goto 7955 Goto 9558 Goto 7858 Goto 6843 Goto 7891 Goto 8701 Goto 9234 Goto 9441 Goto 5276 Goto 8909 Goto 8626 Goto 9053 Goto 8872 Goto 8240 Goto 5987 Goto 7474 Goto 6369 Goto 8823 Goto 8444 Goto 8636 Goto 8869 Goto 9791 Goto 8336 Goto 9369 Goto 140 Goto 8289 Goto 8391 Goto 8651 Goto 6486 Goto 8383 Goto 9385 Goto 8963 Goto 8813 Goto 9342 Goto 9686 Goto 6969 Goto 9434 Goto 798 Goto 9448 Goto 682 Goto 7510 Goto 906 Goto 9651 Goto 32 Goto 6271 Goto 9965 Goto 8793 Goto 8530 Goto 857 Goto 4275 Goto 8965 Goto 9415 Goto 6981 Goto 8676 Goto 8432 Goto 7951 Goto 9844 Goto 6543 Goto 8612 Goto 9233 Goto 9930 Goto 7286 Goto 8506 Goto 7271 Goto 5216 Goto 8022 Goto 9901 Goto 9755 Goto 8074 Goto 8802 Goto 8808 Goto 9061 Goto 8388 Goto 8741 Goto 9669 Goto 9275 Goto 7257 Goto 4098 Goto 7192 Goto 9951 Goto 8742 Goto 8724 Goto 9176 Goto 7725 Goto 5727 Goto 7993 Goto 9772 Goto 1415 Goto 710 Goto 9018 Goto 9787 Goto 9406 Goto 7335 Goto 5553 Goto 9314 Goto 9680 Goto 5132 Goto 9765 Goto 8849 Goto 9320 Goto 5913 Goto 9020 Goto 6066 Goto 9267 Goto 8387 Goto 9963 Goto 4440 Goto 8321 Goto 9716 Goto 579 Goto 9741 Goto 8181 Goto 9225 Goto 9850 Goto 956 Goto 6861 Goto 8392 Goto 908 Goto 3058 Goto 5343 Goto 5972 Goto 5744 Goto 6470 Goto 9073 Goto 9492 Goto 9263 Goto 8584 Goto 9919 Goto 9044 Goto 889 Goto 9522 Goto 7598 Goto 869 Goto 8111 Goto 8860 Goto 9521 Goto 9475 Goto 984 Goto 7055 Goto 5320 Goto 9513 Goto 8527 Goto 8294 Goto 8998 Goto 8014 Goto 9835 Goto 9640 Goto 6689 Goto 9932 Goto 8243 Goto 9038 Goto 9879 Goto 8440 Goto 8945 Goto 853 Goto 782 Goto 9111 Goto 6348 Goto 4127 Goto 9913 Goto 7800 Goto 8958 Goto 9103 Goto 92 Goto 9383 Goto 8938 Goto 8342 Goto 8450 Goto 9527 Goto 9910 Goto 9187 Goto 737 Goto 9001 Goto 6975 Goto 8162 Goto 8251 Goto 6210 Goto 9202 Goto 9571 Goto 9265 Goto 6110 Goto 6475 Goto 9972 Goto 7529 Goto 9376 Goto 8839 Goto 4996 Goto 7567 Goto 6993 Goto 9170 Goto 9002 Goto 9644 Goto 9278 Goto 922 Goto 705 Goto 975 Goto 9327 Goto 9557 Goto 5323 Goto 8682 Goto 9493 Goto 9292 Goto 6055 Goto 8481 Goto 8193 Goto 9619 Goto 9240 Goto 630 Goto 9084 Goto 9188 Goto 8167 Goto 6336 Goto 6509 Goto 5533 Goto 4344 Goto 8069 Goto 9446 Goto 8324 Goto 9649 Goto 7543 Goto 9454 Goto 6433 Goto 5287 Goto 9998 Goto 4197 Goto 779 Goto 7365 Goto 8154 Goto 9995 Goto 659 Goto 9069 Goto 7280 Goto 1215 Goto 7501 Goto 7137 Goto 9817 Goto 99 Goto 9014 Goto 9713 Goto 6452 Goto 8769 Goto 9731 Goto 8169 Goto 9988 Goto 4463 Goto 6750 Goto 9066 Goto 9562 Goto 8484 Goto 7918 Goto 822 Goto 8694 Goto 6948 Goto 845 Goto 7202 Goto 8586 Goto 966 Goto 5420 Goto 830 Goto 9887 Goto 8786 Goto 7892 Goto 7266 Goto 3656 Goto 3862 Goto 5147 Goto 9164 Goto 7953 Goto 839 Goto 9410 Goto 6901 Goto 831 Goto 74 Goto 9306 Goto 7961 Goto 8791 Goto 8785 Goto 8834 Goto 6374 Goto 67 Goto 9068 Goto 968 Goto 5992 Goto 464 Goto 7681 Goto 836 Goto 4247 Goto 9945 Goto 9293 Goto 7685 Goto 9699 Goto 9139 Goto 9254 Goto 9200 Goto 8253 Goto 9697 Goto 981 Goto 8767 Goto 890 Goto 8050 Goto 5924 Goto 7433 Goto 8302 Goto 9393 Goto 8389 Goto 8816 Goto 9732 Goto 9112 Goto 9683 Goto 5079 Goto 9546 Goto 3475 Goto 8124 Goto 9476 Goto 9929 Goto 9826 Goto 5809 Goto 4828 Goto 9805 Goto 8621 Goto 8145 Goto 969 Goto 9015 Goto 9420 Goto 9413 Goto 4863 Goto 8002 Goto 9891 Goto 8883 Goto 8234 Goto 5023 Goto 957 Goto 7236 Goto 9277 Goto 3777 Goto 9371 Goto 9560 Goto 2199 Goto 7999 Goto 9411 Goto 9180 Goto 9490 Goto 7671 Goto 9325 Goto 650 Goto 7923 Goto 8381 Goto 8894 Goto 8339 Goto 907 Goto 8602 Goto 7560 Goto 7434 Goto 9823 Goto 9131 Goto 9491 Goto 8142 Goto 6098 Goto 5419 Goto 7456 Goto 3487 Goto 9529 Goto 2332 Goto 9331 Goto 728 Goto 8810 Goto 9708 Goto 6385 Goto 776 Goto 8486 Goto 9626 Goto 895 Goto 8657 Goto 9551 Goto 949 Goto 9597 Goto 2481 Goto 7138 Goto 9861 Goto 5601 Goto 8413 Goto 7105 Goto 711 Goto 9904 Goto 962 Goto 5782 Goto 9440 Goto 7574 Goto 6432 Goto 5412 Goto 9317 Goto 965 Goto 1658 Goto 3621 Goto 6809 Goto 4352 Goto 9489 Goto 7020 Goto 2764 Goto 1388 Goto 9980 Goto 4016 Goto 9703 Goto 1976 Goto 9593 Goto 9285 Goto 7504 Goto 6099 Goto 9706 Goto 995 Goto 6020 Goto 7865 Goto 911 Goto 6741 Goto 6990 Goto 3496 Goto 9733 Goto 2210 Goto 9231 Goto 9179 Goto 854 Goto 4951 Goto 5092 Goto 7669 Goto 6958 Goto 925 Goto 9715 Goto 4815 Goto 1103 Goto 8639 Goto 7582 Goto 8362 Goto 9646 Goto 9391 Goto 5316 Goto 8311 Goto 9511 Goto 8213 Goto 7713 Goto 3280 Goto 9714 Goto 9744 Goto 3962 Goto 598 Goto 9484 Goto 7922 Goto 9348 Goto 9350 Goto 9636 Goto 6765 Goto 7919 Goto 8685 Goto 8585 Goto 7195 Goto 2005 Goto 861 Goto 9284 Goto 9289 Goto 4692 Goto 8900 Goto 5998 Goto 8711 Goto 9710 Goto 9055 Goto 4760 Goto 6732 Goto 989 Goto 7176 Goto 6953 Goto 4905 Goto 4336 Goto 6070 Goto 9812 Goto 5528 Goto 5284 Goto 6159 Goto 8581 Goto 8684 Goto 8828 Goto 2494 Goto 7939 Goto 5996 Goto 8237 Goto 6189 Goto 6023 Goto 9500 Goto 8434 Goto 9756 Goto 9193 Goto 9612 Goto 9283 Goto 9592 Goto 8057 Goto 8304 Goto 979 Goto 5494 Goto 1090 Goto 6286 Goto 7678 Goto 8061 Goto 8967 Goto 606 Goto 436 Goto 7124 Goto 4654 Goto 9815 Goto 8783 Goto 8097 Goto 4757 Goto 6826 Goto 9104 Goto 7674 Goto 8582 Goto 900 Goto 8976 Goto 5454 Goto 1057 Goto 9163 Goto 7611 Goto 6025 Goto 4710 Goto 905 Goto 9419 Goto 9582 Goto 8479 Goto 9480 Goto 6882 Goto 8239 Goto 9585 Goto 9768 Goto 4740 Goto 9012 Goto 2897 Goto 7878 Goto 3394 Goto 9482 Goto 9174 Goto 3412 Goto 4711 Goto 2595 Goto 960 Goto 9346 Goto 8187 Goto 7022 Goto 7008 Goto 8771 Goto 4611 Goto 870 Goto 8049 Goto 5580 Goto 7477 Goto 9007 Goto 6844 Goto 8960 Goto 9332 Goto 8469 Goto 6746 Goto 7278 Goto 708 Goto 9418 Goto 7091 Goto 4390 Goto 150 Goto 8680 Goto 9021 Goto 9784 Goto 4813 Goto 6453 Goto 2428 Goto 9250 Goto 703 Goto 6367 Goto 2805 Goto 2949 Goto 5399 Goto 6491 Goto 8920 Goto 943 Goto 4040 Goto 7773 Goto 8841 Goto 9097 Goto 4580 Goto 5000 Goto 9167 Goto 8322 Goto 5545 Goto 6017 Goto 8238 Goto 7872 Goto 2616 Goto 8227 Goto 9483 Goto 7054 Goto 5831 Goto 6865 Goto 8848 Goto 633 Goto 9352 Goto 7071 Goto 8503 Goto 8029 Goto 9315 Goto 6688 Goto 8745 Goto 7102 Goto 6847 Goto 7381 Goto 8916 Goto 8964 Goto 3830 Goto 7702 Goto 8265 Goto 43 Goto 7540 Goto 9836 Goto 8690 Goto 7358 Goto 8732 Goto 5659 Goto 9445 Goto 9230 Goto 8805 Goto 8513 Goto 4109 Goto 9379 Goto 8398 Goto 9035 Goto 577 Goto 9479 Goto 5566 Goto 6967 Goto 9514 Goto 813 Goto 9888 Goto 8925 Goto 7174 Goto 6786 Goto 8720 Goto 8725 Goto 53 Goto 8277 Goto 9075 Goto 8827 Goto 4562 Goto 1903 Goto 4875 Goto 8216 Goto 9774 Goto 2576 Goto 8343 Goto 1777 Goto 792 Goto 8743 Goto 8738 Goto 9899 Goto 7025 Goto 973 Goto 6083 Goto 85 Goto 3380 Goto 6643 Goto 8659 Goto 8908 Goto 4610 Goto 7763 Goto 7494 Goto 6804 Goto 9874 Goto 6170 Goto 3820 Goto 6959 Goto 9696 Goto 8135 Goto 848 Goto 1561 Goto 199 Goto 9396 Goto 9313 Goto 9186 Goto 3157 Goto 9685 Goto 3743 Goto 8034 Goto 964 Goto 9221 Goto 9586 Goto 9323 Goto 5190 Goto 8844 Goto 5268 Goto 7057 Goto 8019 Goto 9677 Goto 916 Goto 7301 Goto 5541 Goto 3795 Goto 9909 Goto 8722 Goto 9695 Goto 2191 Goto 8297 Goto 8706 Goto 919 Goto 8295 Goto 8453 Goto 9255 Goto 9477 Goto 8052 Goto 9959 Goto 2526 Goto 2480 Goto 3397 Goto 8504 Goto 7727 Goto 9056 Goto 8549 Goto 8458 Goto 927 Goto 8859 Goto 7118 Goto 8978 Goto 8379 Goto 9281 Goto 1432 Goto 5353 Goto 2137 Goto 778 Goto 9403 Goto 7886 Goto 134 Goto 9750 Goto 2066 Goto 7935 Goto 9340 Goto 6766 Goto 75 Goto 6186 Goto 9931 Goto 8864 Goto 9829 Goto 3705 Goto 3836 Goto 7410 Goto 6572 Goto 6848 Goto 165 Goto 4371 Goto 1395 Goto 5077 Goto 9130 Goto 7584 Goto 139 Goto 9964 Goto 9051 Goto 4695 Goto 1461 Goto 6462 Goto 7304 Goto 3107 Goto 3636 Goto 1466 Goto 8623 Goto 8282 Goto 9006 Goto 9074 Goto 9444 Goto 699 Goto 9321 Goto 9144 Goto 7839 Goto 4095 Goto 4360 Goto 2532 Goto 8879 Goto 8675 Goto 6682 Goto 955 Goto 6397 Goto 9245 Goto 4284 Goto 9160 Goto 4286 Goto 3930 Goto 6351 Goto 4422 Goto 8915 Goto 388 Goto 8546 Goto 8681 Goto 1921 Goto 6259 Goto 4093 Goto 4524 Goto 7064 Goto 833 Goto 5983 Goto 9614 Goto 3347 Goto 2864 Goto 470 Goto 7342 Goto 9958 Goto 649 Goto 9247 Goto 9429 Goto 5215 Goto 9886 Goto 9077 Goto 6913 Goto 8924 Goto 9449 Goto 923 Goto 9670 Goto 2839 Goto 9268 Goto 9777 Goto 9810 Goto 5169 Goto 8540 Goto 8931 Goto 9999";49,190000;13387;1509;802604,61
dum;10000;5;1234;ucs;"Goto 8141 Goto 83 Goto 8551 Goto 542 Goto 8931 Goto 9999";272,363000;76771;16;2218,96
dum;10000;5;1234;gfs;"Goto 8141 Goto 6822 Goto 7897 Goto 6885 Goto 255 Goto 9697 Goto 5355 Goto 6154 Goto 5089 Goto 6597 Goto 2010 Goto 4136 Goto 1299 Goto 8106 Goto 3409 Goto 8853 Goto 2054 Goto 4731 Goto 1492 Goto 5203 Goto 1739 Goto 550 Goto 2027 Goto 9576 Goto 3195 Goto 7603 Goto 6372 Goto 1372 Goto 2089 Goto 1772 Goto 9802 Goto 7066 Goto 8636 Goto 9923 Goto 2849 Goto 3114 Goto 6538 Goto 7983 Goto 4679 Goto 6551 Goto 542 Goto 8931 Goto 9999";53,678000;16451;70;9256,51
dum;10000;5;1234;astar;"Goto 8141 Goto 83 Goto 8551 Goto 542 Goto 8931 Goto 9999";125,140000;38147;15;2218,96
dum;10000;7;1234;bfs;"Goto 3192 Goto 1343 Goto 7528 Goto 8931 Goto 9999";327,697000;149989;6;2587,90
dum;10000;7;1234;dfs;"Goto 8394 Goto 9656 Goto 9786 Goto 9574 Goto 9759 Goto 9957 Goto 9589 Goto 9085 Goto 9758 Goto 9832 Goto 9462 Goto 9487 Goto 9289 Goto 9864 Goto 9981 Goto 894 Goto 9969 Goto 9639 Goto 8856 Goto 9543 Goto 9062 Goto 9932 Goto 951 Goto 9442 Goto 9586 Goto 9821 Goto 9754 Goto 7166 Goto 9847 Goto 9889 Goto 8758 Goto 9868 Goto 99 Goto 9964 Goto 9051 Goto 7260 Goto 993 Goto 9716 Goto 9570 Goto 8181 Goto 9250 Goto 9624 Goto 9929 Goto 9826 Goto 913 Goto 8438 Goto 9654 Goto 9190 Goto 8527 Goto 9724 Goto 7930 Goto 9555 Goto 9776 Goto 9236 Goto 9811 Goto 9470 Goto 9600 Goto 8821 Goto 9489 Goto 9998 Goto 8961 Goto 976 Goto 9919 Goto 9044 Goto 9943 Goto 9833 Goto 7314 Goto 9912 Goto 8547 Goto 9316 Goto 9614 Goto 8986 Goto 9947 Goto 8974 Goto 9530 Goto 8947 Goto 9944 Goto 8038 Goto 9477 Goto 9007 Goto 9775 Goto 9572 Goto 9251 Goto 9424 Goto 8290 Goto 9368 Goto 9427 Goto 9618 Goto 9683 Goto 9893 Goto 8308 Goto 999 Goto 9114 Goto 97 Goto 931 Goto 950 Goto 7827 Goto 9332 Goto 9789 Goto 995 Goto 9525 Goto 9906 Goto 8824 Goto 7932 Goto 9373 Goto 9922 Goto 9917 Goto 8840 Goto 9953 Goto 9974 Goto 8835 Goto 9407 Goto 9845 Goto 9009 Goto 9935 Goto 9187 Goto 9829 Goto 8672 Goto 9571 Goto 9265 Goto 8391 Goto 9973 Goto 9903 Goto 9941 Goto 6950 Goto 9988 Goto 9539 Goto 9839 Goto 8755 Goto 9037 Goto 9946 Goto 9146 Goto 9532 Goto 7860 Goto 9728 Goto 9798 Goto 8315 Goto 7606 Goto 9134 Goto 9472 Goto 8085 Goto 9895 Goto 9312 Goto 9879 Goto 7528 Goto 8931 Goto 9999";267,465000;123304;1272;72596,99
dum;10000;7;1234;ucs;"Goto 2330 Goto 9504 Goto 4100 Goto 1815 Goto 8931 Goto 9999";271,419000;147814;12;1671,54
dum;10000;7;1234;gfs;"Goto 8394 Goto 9381 Goto 7764 Goto 1845 Goto 900 Goto 3001 Goto 4598 Goto 8042 Goto 8752 Goto 3044 Goto 104 Goto 1463 Goto 3441 Goto 7423 Goto 1547 Goto 5218 Goto 1256 Goto 7526 Goto 2775 Goto 2606 Goto 1567 Goto 5932 Goto 557 Goto 7359 Goto 979 Goto 891 Goto 5994 Goto 9771 Goto 296 Goto 8418 Goto 9831 Goto 6942 Goto 1175 Goto 5947 Goto 7959 Goto 2526 Goto 9534 Goto 6790 Goto 1441 Goto 3409 Goto 3515 Goto 9388 Goto 1074 Goto 7378 Goto 7545 Goto 3121 Goto 2459 Goto 552 Goto 542 Goto 8931 Goto 9999";80,169000;36229;61;8637,52
dum;10000;7;1234;astar;"Goto 2330 Goto 9504 Goto 4100 Goto 1815 Goto 8931 Goto 9999";146,504000;62719;11;1671,54
